date,MOVE
1/4/2010,106.4
1/5/2010,102.5
1/6/2010,106.9
1/7/2010,104.4
1/8/2010,96.3
1/11/2010,93
1/12/2010,92.7
1/13/2010,95.5
1/14/2010,91.1
1/15/2010,89.8
1/18/2010,89.8
1/19/2010,87.9
1/20/2010,88.3
1/21/2010,87.5
1/22/2010,88.3
1/25/2010,88.1
1/26/2010,88.8
1/27/2010,86.3
1/28/2010,87.9
1/29/2010,86.3
2/1/2010,85.3
2/2/2010,83.7
2/3/2010,90
2/4/2010,90.9
2/5/2010,89.1
2/8/2010,88
2/9/2010,88.1
2/10/2010,90.2
2/11/2010,89.2
2/12/2010,87
2/15/2010,87
2/16/2010,85.5
2/17/2010,85.9
2/18/2010,87.2
2/19/2010,84.9
2/22/2010,81.4
2/23/2010,83.9
2/24/2010,83.2
2/25/2010,82.2
2/26/2010,81.2
3/1/2010,79.4
3/2/2010,78.4
3/3/2010,78.9
3/4/2010,76.1
3/5/2010,78.9
3/8/2010,77.6
3/9/2010,76.3
3/10/2010,75.9
3/11/2010,75.6
3/12/2010,76.4
3/15/2010,77.3
3/16/2010,76.9
3/17/2010,74.1
3/18/2010,75.9
3/19/2010,79.4
3/22/2010,78.5
3/23/2010,78.6
3/24/2010,90.1
3/25/2010,89.5
3/26/2010,87.4
3/29/2010,87.1
3/30/2010,86.2
3/31/2010,85.3
4/1/2010,89.8
4/2/2010,90.1
4/5/2010,90.1
4/6/2010,88.6
4/7/2010,92.2
4/8/2010,90.3
4/9/2010,89.8
4/12/2010,88.2
4/13/2010,86.7
4/14/2010,85.3
4/15/2010,83.9
4/16/2010,82.9
4/19/2010,82.3
4/20/2010,78.3
4/21/2010,79.9
4/22/2010,80.1
4/23/2010,85.2
4/26/2010,83
4/27/2010,88.9
4/28/2010,87.2
4/29/2010,83.3
4/30/2010,85.5
5/3/2010,83.6
5/4/2010,88.7
5/5/2010,95.8
5/6/2010,116.7
5/7/2010,112.6
5/10/2010,104.4
5/11/2010,96.8
5/12/2010,93.2
5/13/2010,89.5
5/14/2010,99.8
5/17/2010,96.6
5/18/2010,97.2
5/19/2010,98.1
5/20/2010,110.9
5/21/2010,108.7
5/24/2010,107.1
5/25/2010,112.7
5/26/2010,109.9
5/27/2010,111.5
5/28/2010,112.1
5/31/2010,112.1
6/1/2010,110.3
6/2/2010,105.2
6/3/2010,104.3
6/4/2010,106.4
6/7/2010,106.1
6/8/2010,108.7
6/9/2010,106.6
6/10/2010,103.3
6/11/2010,105.9
6/14/2010,102.9
6/15/2010,99.6
6/16/2010,96
6/17/2010,95.2
6/18/2010,94.4
6/21/2010,87.8
6/22/2010,85.9
6/23/2010,85.2
6/24/2010,85.4
6/25/2010,84.7
6/28/2010,84.2
6/29/2010,89.8
6/30/2010,89.7
7/1/2010,93.8
7/2/2010,88.2
7/5/2010,88.2
7/6/2010,82.6
7/7/2010,86.3
7/8/2010,85.5
7/9/2010,85.1
7/12/2010,82.2
7/13/2010,80.3
7/14/2010,79
7/15/2010,78.1
7/16/2010,81.2
7/19/2010,79.4
7/20/2010,78.7
7/21/2010,78.4
7/22/2010,78.8
7/23/2010,78.9
7/26/2010,77.3
7/27/2010,77.1
7/28/2010,76.3
7/29/2010,75.9
7/30/2010,78.2
8/2/2010,77.6
8/3/2010,81.1
8/4/2010,85.9
8/5/2010,84
8/6/2010,80.4
8/9/2010,79.8
8/10/2010,76.6
8/11/2010,76.2
8/12/2010,81.4
8/13/2010,84.3
8/16/2010,92.8
8/17/2010,90.9
8/18/2010,87.5
8/19/2010,91
8/20/2010,93.2
8/23/2010,95.5
8/24/2010,97.6
8/25/2010,100.7
8/26/2010,104.4
8/27/2010,109.2
8/30/2010,109.7
8/31/2010,103.7
9/1/2010,110.1
9/2/2010,103.2
9/3/2010,95.3
9/6/2010,95.3
9/7/2010,98.2
9/8/2010,100.9
9/9/2010,104.9
9/10/2010,107.3
9/13/2010,105.5
9/14/2010,102.4
9/15/2010,102.7
9/16/2010,103.8
9/17/2010,103.6
9/20/2010,103.6
9/21/2010,96.6
9/22/2010,89.8
9/23/2010,88.7
9/24/2010,83.7
9/27/2010,85.7
9/28/2010,84.6
9/29/2010,85.6
9/30/2010,85.1
10/1/2010,86.5
10/4/2010,96.7
10/5/2010,89.2
10/6/2010,90.4
10/7/2010,87.8
10/8/2010,80.1
10/11/2010,80.1
10/12/2010,78.3
10/13/2010,81.3
10/14/2010,84.6
10/15/2010,88.1
10/18/2010,89.5
10/19/2010,88.6
10/20/2010,87.1
10/21/2010,89.6
10/22/2010,92.4
10/25/2010,90.3
10/26/2010,97.4
10/27/2010,99.9
10/28/2010,98.7
10/29/2010,99.8
11/1/2010,98.7
11/2/2010,98.3
11/3/2010,83.1
11/4/2010,82.1
11/5/2010,81.7
11/8/2010,82.5
11/9/2010,90.4
11/10/2010,91.6
11/11/2010,91.6
11/12/2010,97.7
11/15/2010,103.9
11/16/2010,100.8
11/17/2010,95.1
11/18/2010,98.6
11/19/2010,94.5
11/22/2010,90.6
11/23/2010,90.8
11/24/2010,101
11/25/2010,101
11/26/2010,100.8
11/29/2010,100.4
11/30/2010,101.9
12/1/2010,110.1
12/2/2010,109.3
12/3/2010,102.7
12/6/2010,98.2
12/7/2010,110.4
12/8/2010,112.1
12/9/2010,109
12/10/2010,110.8
12/13/2010,110.4
12/14/2010,118.4
12/15/2010,125.2
12/16/2010,122.7
12/17/2010,119.1
12/20/2010,112.7
12/21/2010,104.2
12/22/2010,106.4
12/23/2010,106.8
12/24/2010,106.8
12/27/2010,106.1
12/28/2010,110.2
12/29/2010,111.3
12/30/2010,111.3
12/31/2010,110.4
1/3/2011,105.9
1/4/2011,102.8
1/5/2011,116.2
1/6/2011,112.9
1/7/2011,107.5
1/10/2011,102.5
1/11/2011,100.3
1/12/2011,98.3
1/13/2011,96.4
1/14/2011,96.4
1/17/2011,96.4
1/18/2011,97.6
1/19/2011,93.4
1/20/2011,97.8
1/21/2011,95.3
1/24/2011,93.7
1/25/2011,93.5
1/26/2011,93.3
1/27/2011,93.2
1/28/2011,90.3
1/31/2011,96.2
2/1/2011,97.2
2/2/2011,102.5
2/3/2011,102.3
2/4/2011,105.1
2/7/2011,101.4
2/8/2011,101.2
2/9/2011,99.3
2/10/2011,100.5
2/11/2011,97.2
2/14/2011,95.6
2/15/2011,94.7
2/16/2011,95.5
2/17/2011,94.4
2/18/2011,94.3
2/21/2011,94.3
2/22/2011,97.3
2/23/2011,96.7
2/24/2011,96.9
2/25/2011,93.1
2/28/2011,90.5
3/1/2011,97.5
3/2/2011,96.6
3/3/2011,100.4
3/4/2011,94.6
3/7/2011,94.6
3/8/2011,91.2
3/9/2011,90.9
3/10/2011,94.2
3/11/2011,91.7
3/14/2011,90.8
3/15/2011,94.6
3/16/2011,103.6
3/17/2011,103.7
3/18/2011,100.3
3/21/2011,95.6
3/22/2011,91.9
3/23/2011,91.7
3/24/2011,90.1
3/25/2011,93.5
3/28/2011,93.8
3/29/2011,91.8
3/30/2011,89.6
3/31/2011,90.9
4/1/2011,87.5
4/4/2011,85.4
4/5/2011,85.1
4/6/2011,89.7
4/7/2011,88.8
4/8/2011,88.5
4/11/2011,85.8
4/12/2011,85.2
4/13/2011,83.9
4/14/2011,82.2
4/15/2011,81.5
4/18/2011,82.8
4/19/2011,80.2
4/20/2011,77.4
4/21/2011,76.6
4/22/2011,76.6
4/25/2011,74.8
4/26/2011,81.3
4/27/2011,79.2
4/28/2011,76.8
4/29/2011,76.8
5/2/2011,76.3
5/3/2011,80.1
5/4/2011,80.2
5/5/2011,83.4
5/6/2011,84.1
5/9/2011,82.4
5/10/2011,80.1
5/11/2011,83.2
5/12/2011,81.9
5/13/2011,82.1
5/16/2011,80.3
5/17/2011,78.1
5/18/2011,77.9
5/19/2011,79.8
5/20/2011,79.8
5/23/2011,78
5/24/2011,76.7
5/25/2011,75.8
5/26/2011,74.3
5/27/2011,73.9
5/30/2011,73.9
5/31/2011,71.5
6/1/2011,72.9
6/2/2011,76.6
6/3/2011,75.9
6/6/2011,75.8
6/7/2011,73.5
6/8/2011,77.5
6/9/2011,77.3
6/10/2011,78.1
6/13/2011,76.4
6/14/2011,82.5
6/15/2011,85.9
6/16/2011,87.9
6/17/2011,85.3
6/20/2011,82.5
6/21/2011,80.9
6/22/2011,79
6/23/2011,83.6
6/24/2011,84.8
6/27/2011,83.8
6/28/2011,89.4
6/29/2011,87.2
6/30/2011,88.9
7/1/2011,90.5
7/4/2011,90.5
7/5/2011,90.7
7/6/2011,89
7/7/2011,90.4
7/8/2011,85.8
7/11/2011,88.4
7/12/2011,90.3
7/13/2011,88.1
7/14/2011,89.1
7/15/2011,90.4
7/18/2011,89.6
7/19/2011,88.8
7/20/2011,85.1
7/21/2011,89
7/22/2011,84.3
7/25/2011,86.8
7/26/2011,84.8
7/27/2011,89.1
7/28/2011,86.5
7/29/2011,88
8/1/2011,84.1
8/2/2011,87.1
8/3/2011,85.5
8/4/2011,91
8/5/2011,100.7
8/8/2011,117.8
8/9/2011,107.7
8/10/2011,98.9
8/11/2011,107.9
8/12/2011,109.1
8/15/2011,99.8
8/16/2011,92
8/17/2011,87.8
8/18/2011,95
8/19/2011,100.3
8/22/2011,104.2
8/23/2011,105.5
8/24/2011,105.8
8/25/2011,107.7
8/26/2011,101.5
8/29/2011,98
8/30/2011,99.2
8/31/2011,97.9
9/1/2011,98.8
9/2/2011,99.4
9/5/2011,99.4
9/6/2011,103.1
9/7/2011,100.6
9/8/2011,99.4
9/9/2011,100.7
9/12/2011,99.2
9/13/2011,97.5
9/14/2011,96.6
9/15/2011,97.3
9/16/2011,97.6
9/19/2011,99.6
9/20/2011,99.9
9/21/2011,93.3
9/22/2011,103.4
9/23/2011,104.5
9/26/2011,107.4
9/27/2011,107.3
9/28/2011,103.1
9/29/2011,100.4
9/30/2011,100.6
10/3/2011,105.7
10/4/2011,109
10/5/2011,108.9
10/6/2011,108.7
10/7/2011,106.4
10/10/2011,106.4
10/11/2011,106.8
10/12/2011,108.3
10/13/2011,106.8
10/14/2011,109.2
10/17/2011,108.4
10/18/2011,107.5
10/19/2011,105
10/20/2011,105.9
10/21/2011,107.5
10/24/2011,103.6
10/25/2011,102.1
10/26/2011,105.2
10/27/2011,108.1
10/28/2011,107.4
10/31/2011,107.2
11/1/2011,116
11/2/2011,111.9
11/3/2011,109.2
11/4/2011,106.6
11/7/2011,106.3
11/8/2011,105.6
11/9/2011,111.8
11/10/2011,113.7
11/11/2011,113.7
11/14/2011,113.1
11/15/2011,108.6
11/16/2011,106.1
11/17/2011,111.7
11/18/2011,109.8
11/21/2011,107.5
11/22/2011,103.6
11/23/2011,104.7
11/24/2011,104.7
11/25/2011,102.3
11/28/2011,102.8
11/29/2011,103.1
11/30/2011,99.7
12/1/2011,100.8
12/2/2011,98.6
12/5/2011,94
12/6/2011,93
12/7/2011,94.3
12/8/2011,95
12/9/2011,99.9
12/12/2011,95.8
12/13/2011,90.3
12/14/2011,91.7
12/15/2011,87.2
12/16/2011,89.4
12/19/2011,87.6
12/20/2011,92.3
12/21/2011,91.8
12/22/2011,90.2
12/23/2011,94.2
12/26/2011,94.2
12/27/2011,94.8
12/28/2011,95.1
12/29/2011,94.1
12/30/2011,91.1
1/2/2012,91.1
1/3/2012,90.7
1/4/2012,88.9
1/5/2012,87.9
1/6/2012,81.7
1/9/2012,78.6
1/10/2012,80.2
1/11/2012,78.2
1/12/2012,77.1
1/13/2012,79.2
1/16/2012,79.2
1/17/2012,75.6
1/18/2012,75
1/19/2012,80
1/20/2012,84.6
1/23/2012,85.8
1/24/2012,81.6
1/25/2012,76.7
1/26/2012,75.9
1/27/2012,75.4
1/30/2012,72.4
1/31/2012,72.1
2/1/2012,72.7
2/2/2012,70.2
2/3/2012,76.7
2/6/2012,72.3
2/7/2012,79.3
2/8/2012,79
2/9/2012,83.2
2/10/2012,80.7
2/13/2012,78.8
2/14/2012,79
2/15/2012,76.6
2/16/2012,80.1
2/17/2012,81.5
2/20/2012,81.5
2/21/2012,79.3
2/22/2012,79.6
2/23/2012,79
2/24/2012,77.1
2/27/2012,74.8
2/28/2012,73.9
2/29/2012,75.9
3/1/2012,77.4
3/2/2012,76
3/5/2012,75
3/6/2012,75.8
3/7/2012,75.1
3/8/2012,76.6
3/9/2012,73.2
3/12/2012,69.9
3/13/2012,73.8
3/14/2012,89.7
3/15/2012,83.4
3/16/2012,84.9
3/19/2012,92.3
3/20/2012,93.3
3/21/2012,89.5
3/22/2012,87.1
3/23/2012,86.2
3/26/2012,85.6
3/27/2012,80.7
3/28/2012,77.4
3/29/2012,75.2
3/30/2012,78.6
4/2/2012,75.6
4/3/2012,84.3
4/4/2012,84.6
4/5/2012,83.7
4/6/2012,78.5
4/9/2012,76.2
4/10/2012,75.1
4/11/2012,76.3
4/12/2012,73.5
4/13/2012,72.6
4/16/2012,72.9
4/17/2012,73.9
4/18/2012,72.5
4/19/2012,72.2
4/20/2012,71.4
4/23/2012,70.9
4/24/2012,71.9
4/25/2012,70.6
4/26/2012,65.2
4/27/2012,64.1
4/30/2012,62.9
5/1/2012,67
5/2/2012,65.1
5/3/2012,63.3
5/4/2012,57.8
5/7/2012,56.7
5/8/2012,57.7
5/9/2012,58.7
5/10/2012,57.6
5/11/2012,61.5
5/14/2012,70.3
5/15/2012,67.7
5/16/2012,67
5/17/2012,70.6
5/18/2012,70.6
5/21/2012,69.1
5/22/2012,70.8
5/23/2012,73.7
5/24/2012,73.1
5/25/2012,71.2
5/28/2012,71.2
5/29/2012,68.9
5/30/2012,73
5/31/2012,74.4
6/1/2012,80.6
6/4/2012,86.5
6/5/2012,84.6
6/6/2012,87.7
6/7/2012,82.1
6/8/2012,86
6/11/2012,86.5
6/12/2012,88.5
6/13/2012,89.3
6/14/2012,91.5
6/15/2012,95.4
6/18/2012,85.7
6/19/2012,84.7
6/20/2012,77.7
6/21/2012,76.2
6/22/2012,75.1
6/25/2012,72.8
6/26/2012,71.1
6/27/2012,70.2
6/28/2012,70.2
6/29/2012,73.2
7/2/2012,71.6
7/3/2012,72.4
7/4/2012,72.4
7/5/2012,71.3
7/6/2012,66.8
7/9/2012,63.4
7/10/2012,63.3
7/11/2012,63.8
7/12/2012,63.4
7/13/2012,63.3
7/16/2012,62.8
7/17/2012,64.2
7/18/2012,61.9
7/19/2012,61.2
7/20/2012,61.3
7/23/2012,61.6
7/24/2012,62.9
7/25/2012,63.1
7/26/2012,62.6
7/27/2012,69.7
7/30/2012,68.4
7/31/2012,69.8
8/1/2012,74.1
8/2/2012,69.4
8/3/2012,71.9
8/6/2012,69.7
8/7/2012,73.9
8/8/2012,75.2
8/9/2012,73.7
8/10/2012,70.1
8/13/2012,67.2
8/14/2012,67.9
8/15/2012,73
8/16/2012,77.1
8/17/2012,74
8/20/2012,70.2
8/21/2012,70
8/22/2012,66.8
8/23/2012,65.5
8/24/2012,66.4
8/27/2012,66.3
8/28/2012,64.3
8/29/2012,64.9
8/30/2012,68
8/31/2012,68.7
9/3/2012,68.7
9/4/2012,67.1
9/5/2012,68.5
9/6/2012,71
9/7/2012,68.4
9/10/2012,68.2
9/11/2012,67.9
9/12/2012,69.9
9/13/2012,65.4
9/14/2012,68.3
9/17/2012,64.4
9/18/2012,59.8
9/19/2012,57.5
9/20/2012,59.7
9/21/2012,59.6
9/24/2012,57.5
9/25/2012,57.6
9/26/2012,58.5
9/27/2012,61.1
9/28/2012,60.5
10/1/2012,59.4
10/2/2012,60.4
10/3/2012,59.2
10/4/2012,59.8
10/5/2012,60.4
10/8/2012,60.4
10/9/2012,59.3
10/10/2012,59.6
10/11/2012,61.4
10/12/2012,61.4
10/15/2012,63
10/16/2012,64.8
10/17/2012,68.7
10/18/2012,69
10/19/2012,68.5
10/22/2012,69.8
10/23/2012,68.9
10/24/2012,67.1
10/25/2012,73.1
10/26/2012,73
10/29/2012,71.1
10/30/2012,71.1
10/31/2012,71.4
11/1/2012,72
11/2/2012,72.3
11/5/2012,68.6
11/6/2012,69.3
11/7/2012,60.9
11/8/2012,59.1
11/9/2012,59.1
11/12/2012,59.1
11/13/2012,57.3
11/14/2012,56.8
11/15/2012,55.6
11/16/2012,55
11/19/2012,54.7
11/20/2012,53.7
11/21/2012,53.9
11/22/2012,53.9
11/23/2012,53.7
11/26/2012,53.5
11/27/2012,51.7
11/28/2012,52.3
11/29/2012,51.7
11/30/2012,51.8
12/3/2012,51
12/4/2012,51.7
12/5/2012,52.3
12/6/2012,53.3
12/7/2012,53.1
12/10/2012,52.2
12/11/2012,51.6
12/12/2012,53.6
12/13/2012,55.1
12/14/2012,52.8
12/17/2012,57.1
12/18/2012,63
12/19/2012,57.8
12/20/2012,54.4
12/21/2012,55.3
12/24/2012,54.9
12/25/2012,54.9
12/26/2012,54.5
12/27/2012,55
12/28/2012,56.7
12/31/2012,59.4
1/1/2013,59.4
1/2/2013,61.1
1/3/2013,63.5
1/4/2013,62
1/7/2013,59.9
1/8/2013,58.6
1/9/2013,56.3
1/10/2013,58.2
1/11/2013,59.2
1/14/2013,55.8
1/15/2013,53.1
1/16/2013,53.2
1/17/2013,56.9
1/18/2013,55.9
1/21/2013,55.9
1/22/2013,53.7
1/23/2013,53.6
1/24/2013,55.3
1/25/2013,66.2
1/28/2013,63.7
1/29/2013,62.4
1/30/2013,66.4
1/31/2013,65.6
2/1/2013,65
2/4/2013,63.1
2/5/2013,64.8
2/6/2013,62.8
2/7/2013,59.9
2/8/2013,61.5
2/11/2013,60
2/12/2013,59.8
2/13/2013,61.7
2/14/2013,59.1
2/15/2013,59.1
2/18/2013,59.1
2/19/2013,58.4
2/20/2013,57.9
2/21/2013,59.7
2/22/2013,58.6
2/25/2013,60
2/26/2013,58
2/27/2013,57.3
2/28/2013,55.9
3/1/2013,55
3/4/2013,53.9
3/5/2013,56.5
3/6/2013,58.4
3/7/2013,60.5
3/8/2013,58.1
3/11/2013,55.1
3/12/2013,53.7
3/13/2013,54.6
3/14/2013,56
3/15/2013,55.8
3/18/2013,55.9
3/19/2013,59.6
3/20/2013,58.0251
3/21/2013,58.9583
3/22/2013,61.8894
3/25/2013,57.6686
3/26/2013,56.0624
3/27/2013,58.4143
3/28/2013,57.3202
3/29/2013,57.3202
4/1/2013,56.1681
4/2/2013,55.9792
4/3/2013,57.8988
4/4/2013,56.9154
4/5/2013,54.8462
4/8/2013,54.9331
4/9/2013,52.7219
4/10/2013,53.9292
4/11/2013,52.609
4/12/2013,53.1198
4/15/2013,52.347
4/16/2013,51.9288
4/17/2013,51.9747
4/18/2013,51.3105
4/19/2013,51.3114
4/22/2013,50.5813
4/23/2013,50.0439
4/24/2013,49.7509
4/25/2013,49.3939
4/26/2013,50.2379
4/29/2013,49.6486
4/30/2013,49.2418
5/1/2013,49.0404
5/2/2013,49.6275
5/3/2013,49.0404
5/6/2013,49.4904
5/7/2013,51.0928
5/8/2013,49.3141
5/9/2013,48.8695
5/10/2013,55.3227
5/13/2013,56.5094
5/14/2013,57.7357
5/15/2013,58.2848
5/16/2013,55.9588
5/17/2013,61.3274
5/20/2013,60.5436
5/21/2013,59.7589
5/22/2013,65.3652
5/23/2013,68.2182
5/24/2013,65.1208
5/27/2013,65.1208
5/28/2013,75.5083
5/29/2013,81.2154
5/30/2013,77.4134
5/31/2013,79.9852
6/3/2013,79.2288
6/4/2013,82.7881
6/5/2013,83.6421
6/6/2013,84.7485
6/7/2013,81.5289
6/10/2013,84.7485
6/11/2013,82.3352
6/12/2013,81.8907
6/13/2013,82.4018
6/14/2013,78.4531
6/17/2013,78.4642
6/18/2013,81.0153
6/19/2013,86.8946
6/20/2013,96.0231
6/21/2013,103.7298
6/24/2013,110.9822
6/25/2013,108.442
6/26/2013,103.4642
6/27/2013,97.1255
6/28/2013,99.7542
7/1/2013,101.318
7/2/2013,107.5594
7/3/2013,109.2726
7/4/2013,109.2726
7/5/2013,117.8877
7/8/2013,107.7783
7/9/2013,99.5145
7/10/2013,98.9792
7/11/2013,93.5369
7/12/2013,94.4621
7/15/2013,89.4019
7/16/2013,87.9952
7/17/2013,81.9189
7/18/2013,77.447
7/19/2013,75.9024
7/22/2013,72.6182
7/23/2013,74.0521
7/24/2013,80.1974
7/25/2013,82.604
7/26/2013,81.6379
7/29/2013,83.1824
7/30/2013,83.2696
7/31/2013,82.5984
8/1/2013,91.3993
8/2/2013,73.1565
8/5/2013,72.6633
8/6/2013,78.1799
8/7/2013,75.4381
8/8/2013,75.362
8/9/2013,75.4038
8/12/2013,74.0896
8/13/2013,81.6737
8/14/2013,80.9185
8/15/2013,86.7418
8/16/2013,94.654
8/19/2013,99.4839
8/20/2013,95.7008
8/21/2013,98.7874
8/22/2013,103.1897
8/23/2013,99.7944
8/26/2013,95.8018
8/27/2013,94.9219
8/28/2013,98.542
8/29/2013,98.8459
8/30/2013,103.5277
9/2/2013,103.5277
9/3/2013,105.7785
9/4/2013,111.3608
9/5/2013,114.1887
9/6/2013,105.4876
9/9/2013,100.7114
9/10/2013,101.8103
9/11/2013,97.9994
9/12/2013,96.3782
9/13/2013,96.1705
9/16/2013,94.5474
9/17/2013,90.8188
9/18/2013,82.746
9/19/2013,80.3358
9/20/2013,77.7286
9/23/2013,75.3482
9/24/2013,74.8227
9/25/2013,75.3016
9/26/2013,77.5522
9/27/2013,77.9955
9/30/2013,80.1572
10/1/2013,87.3693
10/2/2013,82.1508
10/3/2013,80.3343
10/4/2013,82.4795
10/7/2013,80.2882
10/8/2013,81.1225
10/9/2013,80.7998
10/10/2013,80.0847
10/11/2013,77.1074
10/14/2013,77.1074
10/15/2013,75.8137
10/16/2013,73.1707
10/17/2013,70.0888
10/18/2013,72.4643
10/21/2013,71.4668
10/22/2013,63.0545
10/23/2013,62.0475
10/24/2013,63.1394
10/25/2013,61.14
10/28/2013,58.5357
10/29/2013,58.8118
10/30/2013,60.5962
10/31/2013,61.6804
11/1/2013,69.5623
11/4/2013,64.2148
11/5/2013,68.5614
11/6/2013,67.0706
11/7/2013,66.5181
11/8/2013,69.9217
11/11/2013,69.9217
11/12/2013,69.6409
11/13/2013,65.8254
11/14/2013,61.9477
11/15/2013,62.1778
11/18/2013,58.314
11/19/2013,62.2957
11/20/2013,66.4537
11/21/2013,68.3506
11/22/2013,66.8119
11/25/2013,65.0567
11/26/2013,65.2655
11/27/2013,67.7774
11/28/2013,67.7774
11/29/2013,67.965
12/2/2013,73.1473
12/3/2013,72.0794
12/4/2013,75.7952
12/5/2013,76.0999
12/6/2013,69.2368
12/9/2013,67.754
12/10/2013,70.5118
12/11/2013,71.7821
12/12/2013,72.7988
12/13/2013,72.6109
12/16/2013,69.918
12/17/2013,68.4634
12/18/2013,64.9565
12/19/2013,67.7439
12/20/2013,67.3065
12/23/2013,66.1591
12/24/2013,67.7712
12/25/2013,67.7712
12/26/2013,66.7598
12/27/2013,65.8279
12/30/2013,69.0673
12/31/2013,73.546
1/1/2014,73.546
1/2/2014,73.3983
1/3/2014,72.7462
1/6/2014,69.8862
1/7/2014,73.7774
1/8/2014,75.284
1/9/2014,73.7426
1/10/2014,61.1819
1/13/2014,58.9156
1/14/2014,61.6336
1/15/2014,60.8149
1/16/2014,60.7997
1/17/2014,60.2776
1/20/2014,60.2776
1/21/2014,59.5467
1/22/2014,60.5215
1/23/2014,62.2177
1/24/2014,63.5076
1/27/2014,64.2053
1/28/2014,64.5183
1/29/2014,64.5494
1/30/2014,64.8556
1/31/2014,64.725
2/3/2014,65.7989
2/4/2014,66.7971
2/5/2014,67.2613
2/6/2014,67.1836
2/7/2014,64.7498
2/10/2014,62.2608
2/11/2014,61.4936
2/12/2014,61.0023
2/13/2014,58.0866
2/14/2014,57.2949
2/17/2014,57.2949
2/18/2014,55.9861
2/19/2014,57.2794
2/20/2014,58.7042
2/21/2014,58.3839
2/24/2014,57.3609
2/25/2014,56.796
2/26/2014,57.7949
2/27/2014,58.1373
2/28/2014,57.6628
3/3/2014,57.754
3/4/2014,63.1562
3/5/2014,60.8082
3/6/2014,60.9756
3/7/2014,58.1573
3/10/2014,55.6788
3/11/2014,55.5136
3/12/2014,55.0744
3/13/2014,57.4802
3/14/2014,62.8359
3/17/2014,61.8348
3/18/2014,59.2076
3/19/2014,65.6161
3/20/2014,60.8191
3/21/2014,60.8191
3/24/2014,58.7127
3/25/2014,58.3352
3/26/2014,57.7753
3/27/2014,59.4231
3/28/2014,61.9359
3/31/2014,61.815
4/1/2014,61.526
4/2/2014,66.275
4/3/2014,65.2048
4/4/2014,58.7747
4/7/2014,55.6606
4/8/2014,55.9286
4/9/2014,54.7194
4/10/2014,55.4351
4/11/2014,58.6405
4/14/2014,59.1522
4/15/2014,59.187
4/16/2014,58.0214
4/17/2014,59.4777
4/18/2014,59.4777
4/21/2014,56.8273
4/22/2014,57.0941
4/23/2014,56.5768
4/24/2014,57.8493
4/25/2014,58.073
4/28/2014,59.1022
4/29/2014,59.9428
4/30/2014,58.8846
5/1/2014,58.8385
5/2/2014,55.3438
5/5/2014,55.3438
5/6/2014,58.6651
5/7/2014,57.3378
5/8/2014,57.3378
5/9/2014,56.0906
5/12/2014,56.1711
5/13/2014,56.0906
5/14/2014,55.2719
5/15/2014,55.7207
5/16/2014,58.6954
5/19/2014,58.1717
5/20/2014,60.0082
5/21/2014,59.1208
5/22/2014,58.228
5/23/2014,58.228
5/26/2014,58.228
5/27/2014,56.7714
5/28/2014,55.1642
5/29/2014,56.3801
5/30/2014,58.295
6/2/2014,59.7275
6/3/2014,60.9403
6/4/2014,64.9098
6/5/2014,65.1219
6/6/2014,59.2726
6/9/2014,57.3291
6/10/2014,56.8955
6/11/2014,55.3718
6/12/2014,56.0907
6/13/2014,58.3924
6/16/2014,58.0734
6/17/2014,58.3924
6/18/2014,59.4466
6/19/2014,55.5349
6/20/2014,54.88
6/23/2014,54.5909
6/24/2014,53.8576
6/25/2014,54.0555
6/26/2014,53.2533
6/27/2014,53.2783
6/30/2014,52.7366
7/1/2014,58.2541
7/2/2014,59.5758
7/3/2014,56.8914
7/4/2014,56.8914
7/7/2014,55.0533
7/8/2014,54.9666
7/9/2014,55.1653
7/10/2014,55.6134
7/11/2014,54.7685
7/14/2014,54.4204
7/15/2014,54.0261
7/16/2014,52.8802
7/17/2014,54.4908
7/18/2014,54.4105
7/21/2014,53.8511
7/22/2014,53.8013
7/23/2014,53.3872
7/24/2014,54.2576
7/25/2014,54.4272
7/28/2014,54.0815
7/29/2014,53.8049
7/30/2014,55.8916
7/31/2014,56.4578
8/1/2014,52.2603
8/4/2014,52.2977
8/5/2014,56.6779
8/6/2014,56.9231
8/7/2014,59.4998
8/8/2014,62.4736
8/11/2014,60.2733
8/12/2014,59.366
8/13/2014,58.8215
8/14/2014,58.5286
8/15/2014,60.3933
8/18/2014,61.6902
8/19/2014,61.9655
8/20/2014,62.78
8/21/2014,60.1866
8/22/2014,59.8425
8/25/2014,57.1546
8/26/2014,56.4543
8/27/2014,56.87
8/28/2014,59.7762
8/29/2014,60.4894
9/1/2014,60.4894
9/2/2014,61.3464
9/3/2014,64.8956
9/4/2014,64.9445
9/5/2014,60.2652
9/8/2014,60.0292
9/9/2014,61.5036
9/10/2014,63.2071
9/11/2014,62.8485
9/12/2014,65.5969
9/15/2014,66.0884
9/16/2014,67.0857
9/17/2014,62.2601
9/18/2014,62.0303
9/19/2014,59.8303
9/22/2014,58.0017
9/23/2014,57.4324
9/24/2014,58.324
9/25/2014,59.1476
9/26/2014,64.5379
9/29/2014,62.302
9/30/2014,64.2055
10/1/2014,64.2874
10/2/2014,66.1585
10/3/2014,62.5016
10/6/2014,60.4444
10/7/2014,65.2652
10/8/2014,64.9501
10/9/2014,66.4678
10/10/2014,68.6927
10/13/2014,68.6927
10/14/2014,74.6406
10/15/2014,101.2812
10/16/2014,90.1146
10/17/2014,82.9222
10/20/2014,79.2418
10/21/2014,78.8942
10/22/2014,77.2481
10/23/2014,80.409
10/24/2014,81.609
10/27/2014,77.5638
10/28/2014,74.7009
10/29/2014,72.9907
10/30/2014,69.5575
10/31/2014,68.691
11/3/2014,67.4482
11/4/2014,68.551
11/5/2014,72.9226
11/6/2014,69.1453
11/7/2014,66.6283
11/10/2014,66.5461
11/11/2014,66.5461
11/12/2014,66.773
11/13/2014,67.0009
11/14/2014,66.9532
11/17/2014,66.886
11/18/2014,69.2307
11/19/2014,70.0154
11/20/2014,69.1619
11/21/2014,66.9589
11/24/2014,64.3887
11/25/2014,64.6474
11/26/2014,64.6577
11/27/2014,64.6577
11/28/2014,66.5733
12/1/2014,67.2825
12/2/2014,67.8806
12/3/2014,65.7616
12/4/2014,64.6181
12/5/2014,64.8222
12/8/2014,62.7838
12/9/2014,66.5736
12/10/2014,68.1945
12/11/2014,79.0437
12/12/2014,55.4181
12/15/2014,77.6421
12/16/2014,80.7182
12/17/2014,72.4209
12/18/2014,71.1703
12/19/2014,70.7046
12/22/2014,70.0776
12/23/2014,68.762
12/24/2014,68.8635
12/25/2014,68.8635
12/26/2014,55.4181
12/29/2014,69.1659
12/30/2014,68.9979
12/31/2014,68.9385
1/1/2015,68.9385
1/2/2015,70.0036
1/5/2015,71.5391
1/6/2015,84.8721
1/7/2015,85.1959
1/8/2015,85.1526
1/9/2015,80.6171
1/12/2015,81.8873
1/13/2015,82.9977
1/14/2015,85.2821
1/15/2015,85.2821
1/16/2015,92.6188
1/19/2015,92.6188
1/20/2015,90.5511
1/21/2015,88.2525
1/22/2015,85.15
1/23/2015,89.9391
1/26/2015,85.3266
1/27/2015,86.1825
1/28/2015,86.3769
1/29/2015,86.6175
1/30/2015,88.2724
2/2/2015,88.1382
2/3/2015,92.7382
2/4/2015,92.2723
2/5/2015,92.9519
2/6/2015,93.6954
2/9/2015,95.0776
2/10/2015,95.3468
2/11/2015,94.2125
2/12/2015,91.648
2/13/2015,91.3656
2/16/2015,91.3656
2/17/2015,91.8172
2/18/2015,91.3833
2/19/2015,98.4692
2/20/2015,98.3365
2/23/2015,97.7386
2/24/2015,94.127
2/25/2015,91.4751
2/26/2015,90.5308
2/27/2015,91.3865
3/2/2015,90.1989
3/3/2015,91.7506
3/4/2015,90.6563
3/5/2015,89.3228
3/6/2015,86.586
3/9/2015,84.02
3/10/2015,84.3891
3/11/2015,84.9643
3/12/2015,85.6033
3/13/2015,86.102
3/16/2015,84.7555
3/17/2015,86.3274
3/18/2015,85.6903
3/19/2015,87.7788
3/20/2015,86.5223
3/23/2015,84.9206
3/24/2015,83.6859
3/25/2015,84.183
3/26/2015,86.2012
3/27/2015,86.2012
3/30/2015,86.4421
3/31/2015,86.1017
4/1/2015,85.6212
4/2/2015,84.2847
4/3/2015,79.2665
4/6/2015,78.9745
4/7/2015,77.7839
4/8/2015,80.0253
4/9/2015,78.7746
4/10/2015,77.8265
4/13/2015,75.7647
4/14/2015,74.7881
4/15/2015,72.9964
4/16/2015,72.4014
4/17/2015,74.3685
4/20/2015,73.5454
4/21/2015,72.9451
4/22/2015,72.9451
4/23/2015,73.1584
4/24/2015,71.6049
4/27/2015,70.9943
4/28/2015,72.8665
4/29/2015,73.8974
4/30/2015,75.292
5/1/2015,78.8811
5/4/2015,81.1233
5/5/2015,87.6616
5/6/2015,90.9859
5/7/2015,89.5863
5/8/2015,80.9146
5/11/2015,84.1496
5/12/2015,87.3615
5/13/2015,85.5784
5/14/2015,83.2394
5/15/2015,84.4957
5/18/2015,88.2439
5/19/2015,87.6743
5/20/2015,87.6541
5/21/2015,86.1073
5/22/2015,87.6771
5/25/2015,87.6771
5/26/2015,85.3555
5/27/2015,83.9933
5/28/2015,82.7222
5/29/2015,82.6996
6/1/2015,83.5495
6/2/2015,87.4796
6/3/2015,91.8063
6/4/2015,92.2056
6/5/2015,88.9414
6/8/2015,87.6084
6/9/2015,87.1697
6/10/2015,89.7596
6/11/2015,87.7673
6/12/2015,87.6824
6/15/2015,86.0026
6/16/2015,85.6971
6/17/2015,82.4194
6/18/2015,82.5575
6/19/2015,84.7442
6/22/2015,84.4485
6/23/2015,84.2001
6/24/2015,82.6809
6/25/2015,83.3241
6/26/2015,84.3188
6/29/2015,89.7561
6/30/2015,92.2575
7/1/2015,90.2884
7/2/2015,87.9611
7/3/2015,87.9611
7/6/2015,86.1804
7/7/2015,90.4681
7/8/2015,89.4277
7/9/2015,89.3438
7/10/2015,90.2308
7/13/2015,84.7052
7/14/2015,80.7951
7/15/2015,79.0645
7/16/2015,75.9534
7/17/2015,74.2116
7/20/2015,72.8414
7/21/2015,72.4231
7/22/2015,72.1123
7/23/2015,72.6253
7/24/2015,73.0107
7/27/2015,72.2234
7/28/2015,71.8541
7/29/2015,69.7128
7/30/2015,71.2077
7/31/2015,75.7512
8/3/2015,74.7474
8/4/2015,80.4708
8/5/2015,80.6999
8/6/2015,80.3154
8/7/2015,76.2278
8/10/2015,75.2812
8/11/2015,78.0583
8/12/2015,81.4635
8/13/2015,80.0038
8/14/2015,77.0784
8/17/2015,76.0641
8/18/2015,82.7068
8/19/2015,81.5426
8/20/2015,84.591
8/21/2015,88.5202
8/24/2015,94.5406
8/25/2015,91.0891
8/26/2015,92.0136
8/27/2015,91.405
8/28/2015,91.0788
8/31/2015,87.7352
9/1/2015,88.6754
9/2/2015,93.0829
9/3/2015,91.409
9/4/2015,86.7756
9/7/2015,86.7756
9/8/2015,85.2408
9/9/2015,85.0569
9/10/2015,83.5976
9/11/2015,83.7805
9/14/2015,82.6907
9/15/2015,85.0155
9/16/2015,84.9087
9/17/2015,77.6964
9/18/2015,75.7821
9/21/2015,74.5091
9/22/2015,75.5988
9/23/2015,74.5114
9/24/2015,76.3665
9/25/2015,75.8591
9/28/2015,76.9485
9/29/2015,83.3457
9/30/2015,81.565
10/1/2015,81.5384
10/2/2015,78.8806
10/5/2015,77.4709
10/6/2015,80.2546
10/7/2015,79.9819
10/8/2015,79.5139
10/9/2015,78.2372
10/12/2015,78.2372
10/13/2015,76.3344
10/14/2015,74.8044
10/15/2015,74.6084
10/16/2015,74.6965
10/19/2015,70.9688
10/20/2015,71.1086
10/21/2015,69.6699
10/22/2015,69.9736
10/23/2015,70.8085
10/26/2015,69.6786
10/27/2015,69.8026
10/28/2015,70.2666
10/29/2015,73.122
10/30/2015,73.0792
11/2/2015,73.2086
11/3/2015,73.2962
11/4/2015,77.5875
11/5/2015,76.728
11/6/2015,74.2542
11/9/2015,71.7795
11/10/2015,70.4772
11/11/2015,70.4772
11/12/2015,69.4517
11/13/2015,68.3001
11/16/2015,67.6863
11/17/2015,72.3323
11/18/2015,71.6503
11/19/2015,70.5353
11/20/2015,70.5107
11/23/2015,70.8031
11/24/2015,70.8811
11/25/2015,70.0444
11/26/2015,70.0444
11/27/2015,69.6086
11/30/2015,69.8952
12/1/2015,70.9762
12/2/2015,72.311
12/3/2015,74.5605
12/4/2015,71.264
12/7/2015,70.5604
12/8/2015,72.7121
12/9/2015,72.3993
12/10/2015,72.3172
12/11/2015,74.9966
12/14/2015,78.2478
12/15/2015,79.5704
12/16/2015,70.2137
12/17/2015,67.6684
12/18/2015,67.8121
12/21/2015,66.3699
12/22/2015,66.8957
12/23/2015,66.0201
12/24/2015,65.4655
12/25/2015,65.4655
12/28/2015,67.2103
12/29/2015,67.2477
12/30/2015,67.3456
12/31/2015,67.8473
1/1/2016,67.8473
1/4/2016,68.8377
1/5/2016,71.4222
1/6/2016,71.6843
1/7/2016,74.2112
1/8/2016,71.0073
1/11/2016,71.0193
1/12/2016,71.964
1/13/2016,74.4599
1/14/2016,73.6146
1/15/2016,78.0636
1/18/2016,78.0636
1/19/2016,77.3158
1/20/2016,81.8198
1/21/2016,80.7258
1/22/2016,77.3486
1/25/2016,75.4139
1/26/2016,75.1557
1/27/2016,71.9361
1/28/2016,70.9823
1/29/2016,74.0039
2/1/2016,73.4583
2/2/2016,77.4933
2/3/2016,79.6217
2/4/2016,83.76
2/5/2016,81.6695
2/8/2016,89.2706
2/9/2016,91.606
2/10/2016,86.3154
2/11/2016,97.9449
2/12/2016,93.716
2/15/2016,93.716
2/16/2016,86.8243
2/17/2016,84.7863
2/18/2016,86.1223
2/19/2016,90.099
2/22/2016,85.1456
2/23/2016,83.9756
2/24/2016,85.0912
2/25/2016,84.4408
2/26/2016,82.5424
2/29/2016,83.3856
3/1/2016,84.2161
3/2/2016,83.6548
3/3/2016,81.7159
3/4/2016,78.01
3/7/2016,77.8254
3/8/2016,80.7152
3/9/2016,80.3559
3/10/2016,80.8503
3/11/2016,81.4223
3/14/2016,79.1166
3/15/2016,78.4721
3/16/2016,74.1591
3/17/2016,72.4143
3/18/2016,71.2631
3/21/2016,70.8269
3/22/2016,71.122
3/23/2016,71.0806
3/24/2016,72.6776
3/25/2016,72.6776
3/28/2016,74.692
3/29/2016,72.6564
3/30/2016,70.5431
3/31/2016,68.8027
4/1/2016,66.997
4/4/2016,65.3606
4/5/2016,68.3119
4/6/2016,69.708
4/7/2016,71.0948
4/8/2016,70.8799
4/11/2016,69.7667
4/12/2016,68.7767
4/13/2016,67.485
4/14/2016,67.52
4/15/2016,66.4853
4/18/2016,66.3398
4/19/2016,66.4398
4/20/2016,67.7689
4/21/2016,68.5982
4/22/2016,67.7807
4/25/2016,67.8852
4/26/2016,67.1531
4/27/2016,64.7405
4/28/2016,64.6443
4/29/2016,64.921
5/2/2016,64.6808
5/3/2016,68.4133
5/4/2016,68.1193
5/5/2016,68.6674
5/6/2016,65.1538
5/9/2016,64.119
5/10/2016,63.9664
5/11/2016,63.8888
5/12/2016,63.9185
5/13/2016,64.066
5/16/2016,66.9396
5/17/2016,67.1195
5/18/2016,69.8479
5/19/2016,70.5554
5/20/2016,68.5137
5/23/2016,67.7843
5/24/2016,69.4106
5/25/2016,67.5364
5/26/2016,66.1539
5/27/2016,66.7644
5/30/2016,66.7644
5/31/2016,67.9149
6/1/2016,68.7501
6/2/2016,69.5592
6/3/2016,67.5923
6/6/2016,66.269
6/7/2016,64.4494
6/8/2016,67.9187
6/9/2016,70.5602
6/10/2016,75.0982
6/13/2016,79.5662
6/14/2016,79.1012
6/15/2016,78.6673
6/16/2016,83.544
6/17/2016,82.5806
6/20/2016,77.3208
6/21/2016,76.964
6/22/2016,79.52
6/23/2016,74.0447
6/24/2016,77.9402
6/27/2016,81.5678
6/28/2016,78.6739
6/29/2016,71.8031
6/30/2016,72.6386
7/1/2016,74.3476
7/4/2016,74.3476
7/5/2016,78.1189
7/6/2016,76.0937
7/7/2016,76.7253
7/8/2016,72.3051
7/11/2016,69.7813
7/12/2016,71.4307
7/13/2016,71.6458
7/14/2016,73.5649
7/15/2016,74.7729
7/18/2016,72.9246
7/19/2016,70.5273
7/20/2016,70.6421
7/21/2016,71.8596
7/22/2016,69.908
7/25/2016,68.7472
7/26/2016,68.7587
7/27/2016,66.6415
7/28/2016,66.6729
7/29/2016,64.1468
8/1/2016,63.6696
8/2/2016,67.8455
8/3/2016,67.7936
8/4/2016,67.104
8/5/2016,66.5854
8/8/2016,65.5025
8/9/2016,64.3033
8/10/2016,63.3392
8/11/2016,65.2893
8/12/2016,64.3692
8/15/2016,63.7693
8/16/2016,63.6712
8/17/2016,63.5403
8/18/2016,63.6508
8/19/2016,64.8151
8/22/2016,67.8711
8/23/2016,66.6166
8/24/2016,66.5089
8/25/2016,69.3552
8/26/2016,71.2373
8/29/2016,68.6079
8/30/2016,69.1142
8/31/2016,69.0806
9/1/2016,70.2452
9/2/2016,66.4643
9/5/2016,66.4643
9/6/2016,63.4574
9/7/2016,64.067
9/8/2016,65.952
9/9/2016,69.1197
9/12/2016,68.9051
9/13/2016,70.604
9/14/2016,69.226
9/15/2016,69.1296
9/16/2016,69.2109
9/19/2016,69.2268
9/20/2016,68.6234
9/21/2016,63.7282
9/22/2016,61.1808
9/23/2016,59.7525
9/26/2016,58.8544
9/27/2016,59.234
9/28/2016,57.6154
9/29/2016,58.845
9/30/2016,60.556
10/3/2016,60.4308
10/4/2016,62.0787
10/5/2016,62.5694
10/6/2016,64.2883
10/7/2016,62.8398
10/10/2016,62.8398
10/11/2016,63.9548
10/12/2016,64.2686
10/13/2016,64.5478
10/14/2016,64.9764
10/17/2016,64.4162
10/18/2016,63.1833
10/19/2016,61.6413
10/20/2016,59.6172
10/21/2016,57.0892
10/24/2016,56.7909
10/25/2016,57.4141
10/26/2016,59.5122
10/27/2016,62.5324
10/28/2016,64.375
10/31/2016,65.465
11/1/2016,67.764
11/2/2016,69.2476
11/3/2016,72.5734
11/4/2016,74.6135
11/7/2016,72.3432
11/8/2016,68.4678
11/9/2016,76.3282
11/10/2016,82.5707
11/11/2016,82.5707
11/14/2016,89.2178
11/15/2016,84.1174
11/16/2016,80.1246
11/17/2016,77.5351
11/18/2016,81.6473
11/21/2016,80.5793
11/22/2016,76.4616
11/23/2016,78.6397
11/24/2016,78.6397
11/25/2016,79.693
11/28/2016,78.7352
11/29/2016,77.3039
11/30/2016,80.9553
12/1/2016,86.6292
12/2/2016,82.058
12/5/2016,79.8381
12/6/2016,76.5652
12/7/2016,73.4412
12/8/2016,73.1102
12/9/2016,75.5479
12/12/2016,76.3941
12/13/2016,75.3586
12/14/2016,75.8376
12/15/2016,78.6122
12/16/2016,78.2199
12/19/2016,75.2435
12/20/2016,75.4572
12/21/2016,73.971
12/22/2016,74.0548
12/23/2016,72.5726
12/26/2016,72.5726
12/27/2016,70.6642
12/28/2016,70.7909
12/29/2016,71.2764
12/30/2016,71.6297
1/2/2017,71.6297
1/3/2017,76.7316
1/4/2017,76.4077
1/5/2017,76.5029
1/6/2017,75.2375
1/9/2017,74.8288
1/10/2017,73.2584
1/11/2017,72.8257
1/12/2017,73.744
1/13/2017,74.5005
1/16/2017,74.5005
1/17/2017,73.939
1/18/2017,73.9423
1/19/2017,78.3221
1/20/2017,76.7057
1/23/2017,75.5172
1/24/2017,75.5299
1/25/2017,77.0613
1/26/2017,74.6944
1/27/2017,72.1877
1/30/2017,72.3572
1/31/2017,72.5153
2/1/2017,70.8378
2/2/2017,69.9231
2/3/2017,67.3897
2/6/2017,67.5544
2/7/2017,68.07
2/8/2017,68.7425
2/9/2017,68.9453
2/10/2017,69.6282
2/13/2017,68.8286
2/14/2017,67.2553
2/15/2017,65.5141
2/16/2017,68.2298
2/17/2017,69.7839
2/20/2017,69.7839
2/21/2017,68.7218
2/22/2017,69.2627
2/23/2017,68.641
2/24/2017,69.8485
2/27/2017,70.8911
2/28/2017,71.2937
3/1/2017,70.1326
3/2/2017,69.539
3/3/2017,65.787
3/6/2017,65.4098
3/7/2017,66.0329
3/8/2017,66.6094
3/9/2017,69.1812
3/10/2017,67.7001
3/13/2017,65.6376
3/14/2017,65.182
3/15/2017,61.62
3/16/2017,60.4397
3/17/2017,60.7216
3/20/2017,59.8151
3/21/2017,62.1347
3/22/2017,64.0909
3/23/2017,65.2168
3/24/2017,64.4514
3/27/2017,62.6832
3/28/2017,61.9509
3/29/2017,61.0203
3/30/2017,60.9355
3/31/2017,60.6987
4/3/2017,61.228
4/4/2017,64.7657
4/5/2017,63.7153
4/6/2017,68.2529
4/7/2017,68.6602
4/10/2017,68.4973
4/11/2017,70.5585
4/12/2017,73.4226
4/13/2017,74.4847
4/14/2017,74.4847
4/17/2017,70.9568
4/18/2017,72.8666
4/19/2017,73.1268
4/20/2017,73.8561
4/21/2017,77.1537
4/24/2017,63.2709
4/25/2017,62.3632
4/26/2017,60.9543
4/27/2017,59.8191
4/28/2017,60.1925
5/1/2017,59.3993
5/2/2017,60.324
5/3/2017,59.384
5/4/2017,60.0804
5/5/2017,58.7242
5/8/2017,55.4105
5/9/2017,55.2203
5/10/2017,55.0298
5/11/2017,54.467
5/12/2017,55.7115
5/15/2017,56.7293
5/16/2017,55.4971
5/17/2017,62.5769
5/18/2017,58.9788
5/19/2017,57.8248
5/22/2017,55.4739
5/23/2017,55.7728
5/24/2017,54.4058
5/25/2017,54.3201
5/26/2017,54.0528
5/29/2017,54.0528
5/30/2017,53.4909
5/31/2017,53.9509
6/1/2017,53.9973
6/2/2017,53.736
6/5/2017,52.9974
6/6/2017,53.2197
6/7/2017,54.7989
6/8/2017,53.7306
6/9/2017,52.5578
6/12/2017,52.3162
6/13/2017,51.6651
6/14/2017,52.215
6/15/2017,51.5928
6/16/2017,51.4839
6/19/2017,51.6005
6/20/2017,51.5955
6/21/2017,51.6373
6/22/2017,51.1318
6/23/2017,51.1575
6/26/2017,50.0183
6/27/2017,52.1031
6/28/2017,52.5083
6/29/2017,54.6615
6/30/2017,55.2201
7/3/2017,55.2549
7/4/2017,55.2549
7/5/2017,56.437
7/6/2017,56.9551
7/7/2017,55.7569
7/10/2017,53.1771
7/11/2017,53.2247
7/12/2017,52.4337
7/13/2017,52.2106
7/14/2017,51.0294
7/17/2017,50.0021
7/18/2017,49.549
7/19/2017,48.2572
7/20/2017,46.9986
7/21/2017,47.4498
7/24/2017,46.9963
7/25/2017,49.5734
7/26/2017,47.2833
7/27/2017,48.4176
7/28/2017,48.5291
7/31/2017,48.1375
8/1/2017,49.9721
8/2/2017,48.7476
8/3/2017,47.9293
8/4/2017,47.2827
8/7/2017,46.9123
8/8/2017,47.3352
8/9/2017,49.6655
8/10/2017,52.0038
8/11/2017,52.0646
8/14/2017,49.2968
8/15/2017,48.6336
8/16/2017,48.4663
8/17/2017,48.8418
8/18/2017,50.1582
8/21/2017,52.056
8/22/2017,51.3012
8/23/2017,52.082
8/24/2017,52.49
8/25/2017,50.5552
8/28/2017,48.8608
8/29/2017,51.4034
8/30/2017,51.557
8/31/2017,51.1311
9/1/2017,49.4378
9/4/2017,49.4378
9/5/2017,53.3179
9/6/2017,52.9189
9/7/2017,54.0104
9/8/2017,54.8588
9/11/2017,51.8823
9/12/2017,51.6453
9/13/2017,51.3709
9/14/2017,50.7289
9/15/2017,50.6332
9/18/2017,50.1627
9/19/2017,49.8605
9/20/2017,49.1538
9/21/2017,48.3122
9/22/2017,50.5164
9/25/2017,51.1119
9/26/2017,50.6363
9/27/2017,52.0778
9/28/2017,51.8596
9/29/2017,52.8752
10/2/2017,54.4569
10/3/2017,54.5958
10/4/2017,54.4927
10/5/2017,55.584
10/6/2017,54.9815
10/9/2017,54.9815
10/10/2017,53.8854
10/11/2017,52.687
10/12/2017,51.8228
10/13/2017,50.8509
10/16/2017,49.2955
10/17/2017,49.0311
10/18/2017,50.2887
10/19/2017,51.4868
10/20/2017,53.9818
10/23/2017,54.0973
10/24/2017,55.9354
10/25/2017,57.3572
10/26/2017,57.3492
10/27/2017,54.6722
10/30/2017,51.6895
10/31/2017,51.1485
11/1/2017,49.9351
11/2/2017,48.7304
11/3/2017,45.83
11/6/2017,45.0469
11/7/2017,44.1986
11/8/2017,43.9656
11/9/2017,44.9901
11/10/2017,47.2888
11/13/2017,46.3853
11/14/2017,47.7729
11/15/2017,47.9978
11/16/2017,47.7421
11/17/2017,49.0879
11/20/2017,48.097
11/21/2017,48.0895
11/22/2017,46.8754
11/23/2017,46.8754
11/24/2017,46.1607
11/27/2017,45.2922
11/28/2017,44.9321
11/29/2017,45.5355
11/30/2017,46.8271
12/1/2017,50.1704
12/4/2017,48.7613
12/5/2017,49.2373
12/6/2017,49.3218
12/7/2017,49.2358
12/8/2017,47.4922
12/11/2017,46.5721
12/12/2017,46.7466
12/13/2017,45.0348
12/14/2017,44.8357
12/15/2017,46.4338
12/18/2017,46.7275
12/19/2017,48.9577
12/20/2017,49.9539
12/21/2017,51.6035
12/22/2017,50.3803
12/25/2017,50.3803
12/26/2017,48.8209
12/27/2017,47.73
12/28/2017,46.1938
12/29/2017,46.5962
1/1/2018,46.5962
1/2/2018,49.172
1/3/2018,47.6043
1/4/2018,47.382
1/5/2018,46.0677
1/8/2018,45.8988
1/9/2018,47.2861
1/10/2018,49.1669
1/11/2018,48.1908
1/12/2018,47.6086
1/15/2018,47.6086
1/16/2018,45.9144
1/17/2018,45.8824
1/18/2018,48.549
1/19/2018,51.9902
1/22/2018,52.5957
1/23/2018,52.5489
1/24/2018,54.1055
1/25/2018,53.3762
1/26/2018,55.6349
1/29/2018,55.9778
1/30/2018,57.2766
1/31/2018,57.1957
2/1/2018,57.8349
2/2/2018,60.3309
2/5/2018,60.4092
2/6/2018,66.0719
2/7/2018,62.001
2/8/2018,67.848
2/9/2018,71.7787
2/12/2018,69.8563
2/13/2018,68.9688
2/14/2018,69.5242
2/15/2018,66.6769
2/16/2018,63.0303
2/19/2018,63.0303
2/20/2018,60.2601
2/21/2018,61.1605
2/22/2018,61.1423
2/23/2018,64.6014
2/26/2018,63.7167
2/27/2018,63.9312
2/28/2018,62.9735
3/1/2018,63.6636
3/2/2018,65.3027
3/5/2018,64.7081
3/6/2018,63.5009
3/7/2018,63.3467
3/8/2018,61.5841
3/9/2018,58.9669
3/12/2018,58.2927
3/13/2018,55.0737
3/14/2018,57.8488
3/15/2018,57.705
3/16/2018,59.0088
3/19/2018,59.9821
3/20/2018,57.8936
3/21/2018,55.7212
3/22/2018,55.9292
3/23/2018,56.1683
3/26/2018,54.5493
3/27/2018,56.2705
3/28/2018,58.3472
3/29/2018,58.5414
3/30/2018,58.5414
4/2/2018,58.6648
4/3/2018,56.0226
4/4/2018,55.3496
4/5/2018,53.722
4/6/2018,56.0682
4/9/2018,52.5082
4/10/2018,51.4331
4/11/2018,50.4997
4/12/2018,51.4875
4/13/2018,51.1426
4/16/2018,49.741
4/17/2018,48.3408
4/18/2018,50.0027
4/19/2018,51.0989
4/20/2018,52.7054
4/23/2018,52.79
4/24/2018,52.9989
4/25/2018,55.2013
4/26/2018,53.1378
4/27/2018,51.2666
4/30/2018,50.3548
5/1/2018,51.7834
5/2/2018,49.0506
5/3/2018,49.4334
5/4/2018,48.4818
5/7/2018,48.0187
5/8/2018,48.8187
5/9/2018,49.3744
5/10/2018,47.8065
5/11/2018,47.0574
5/14/2018,48.3398
5/15/2018,52.6574
5/16/2018,55.1322
5/17/2018,54.1936
5/18/2018,53.2606
5/21/2018,53.0812
5/22/2018,52.5716
5/23/2018,53.2687
5/24/2018,52.1608
5/25/2018,54.095
5/28/2018,54.095
5/29/2018,62.9975
5/30/2018,61.8624
5/31/2018,60.5438
6/1/2018,56.9385
6/4/2018,54.2952
6/5/2018,54.4626
6/6/2018,56.4419
6/7/2018,56.5817
6/8/2018,59.5738
6/11/2018,57.8304
6/12/2018,55.9633
6/13/2018,53.7911
6/14/2018,52.4959
6/15/2018,53.0803
6/18/2018,52.327
6/19/2018,52.4
6/20/2018,51.9226
6/21/2018,53.0869
6/22/2018,53.0257
6/25/2018,53.0406
6/26/2018,51.2968
6/27/2018,53.0487
6/28/2018,52.131
6/29/2018,51.1681
7/2/2018,50.2512
7/3/2018,51.2172
7/5/2018,51.4624
7/6/2018,50.1345
7/9/2018,49.6901
7/10/2018,49.8114
7/11/2018,50.4776
7/12/2018,48.5729
7/13/2018,48.2815
7/16/2018,47.7875
7/17/2018,46.6417
7/18/2018,45.2649
7/19/2018,47.1125
7/20/2018,49.0476
7/23/2018,51.5057
7/24/2018,50.3082
7/25/2018,48.2909
7/26/2018,49.2705
7/27/2018,48.8313
7/30/2018,49.4151
7/31/2018,46.5038
8/1/2018,48.3833
8/2/2018,47.9971
8/3/2018,47.666
8/6/2018,46.8562
8/7/2018,47.1489
8/8/2018,46.8358
8/9/2018,47.3541
8/10/2018,50.6302
8/13/2018,50.7723
8/14/2018,49.8427
8/15/2018,51.5202
8/16/2018,50.6087
8/17/2018,50.6949
8/20/2018,50.9746
8/21/2018,50.3166
8/22/2018,49.6368
8/23/2018,49.1983
8/24/2018,49.1577
8/27/2018,49.3802
8/28/2018,49.9473
8/29/2018,49.1
8/30/2018,50.4093
8/31/2018,50.7097
9/4/2018,49.5692
9/5/2018,48.3958
9/6/2018,48.6547
9/7/2018,49.4302
9/10/2018,47.6915
9/11/2018,47.9734
9/12/2018,46.789
9/13/2018,46.0558
9/14/2018,47.45
9/17/2018,46.8087
9/18/2018,47.9674
9/19/2018,48.7934
9/20/2018,49.3444
9/21/2018,48.8315
9/24/2018,48.3059
9/25/2018,49.3793
9/26/2018,47.4395
9/27/2018,45.7079
9/28/2018,46.1634
10/1/2018,44.2847
10/2/2018,45.3545
10/3/2018,50.2064
10/4/2018,55.0667
10/5/2018,55.1865
10/9/2018,53.4469
10/10/2018,55.7
10/11/2018,56.0697
10/12/2018,54.3741
10/15/2018,51.2463
10/16/2018,50.1799
10/17/2018,48.9863
10/18/2018,52.635
10/19/2018,52.0433
10/22/2018,51.8496
10/23/2018,55.0139
10/24/2018,57.693
10/25/2018,56.6997
10/26/2018,62.7013
10/29/2018,59.7688
10/30/2018,61.7929
10/31/2018,60.1285
11/1/2018,58.5415
11/2/2018,61.416
11/5/2018,59.897
11/6/2018,59.0075
11/7/2018,53.1086
11/8/2018,51.5845
11/9/2018,53.5442
11/13/2018,52.234
11/14/2018,53.8998
11/15/2018,56.2239
11/16/2018,60.4328
11/19/2018,59.4651
11/20/2018,59.4874
11/21/2018,57.6452
11/23/2018,57.3123
11/26/2018,51.5345
11/27/2018,51.2362
11/28/2018,50.7621
11/29/2018,50.9159
11/30/2018,52.4322
12/3/2018,50.3104
12/4/2018,53.8639
12/6/2018,60.944
12/7/2018,60.7438
12/10/2018,60.2587
12/11/2018,58.7319
12/12/2018,58.2275
12/13/2018,55.7492
12/14/2018,56.1275
12/17/2018,55.4075
12/18/2018,59.3962
12/19/2018,59.009
12/20/2018,58.762
12/21/2018,61.6148
12/24/2018,66.0443
12/26/2018,63.8872
12/27/2018,68.3371
12/28/2018,66.6613
12/31/2018,66.5828
1/2/2019,62.8045
1/3/2019,65.7852
1/4/2019,65.8207
1/7/2019,60.8802
1/8/2019,59.045
1/9/2019,57.0177
1/10/2019,56.6493
1/11/2019,55.9434
1/14/2019,55.3414
1/15/2019,53.0115
1/16/2019,51.9493
1/17/2019,53.4391
1/18/2019,53.7818
1/22/2019,54.6405
1/23/2019,54.1942
1/24/2019,54.1789
1/25/2019,52.496
1/28/2019,50.9512
1/29/2019,49.8021
1/30/2019,48.3202
1/31/2019,49.8117
2/1/2019,48.7887
2/4/2019,48.874
2/5/2019,48.6212
2/6/2019,47.4392
2/7/2019,48.9702
2/8/2019,49.628
2/11/2019,48.3198
2/12/2019,49.0236
2/13/2019,48.1677
2/14/2019,47.1872
2/15/2019,45.7323
2/19/2019,45.0614
2/20/2019,44.5448
2/21/2019,46.5487
2/22/2019,47.2184
2/25/2019,46.1606
2/26/2019,46.2842
2/27/2019,46.7929
2/28/2019,47.2183
3/1/2019,47.9044
3/4/2019,46.7423
3/5/2019,45.8567
3/6/2019,45.6342
3/7/2019,45.8309
3/8/2019,45.8253
3/11/2019,44.8436
3/12/2019,44.86
3/13/2019,44.5688
3/14/2019,45.2381
3/15/2019,46.054
3/18/2019,44.9477
3/19/2019,43.6778
3/20/2019,42.5322
3/21/2019,44.5137
3/22/2019,52.2586
3/25/2019,57.1059
3/26/2019,56.5131
3/27/2019,60.9728
3/28/2019,59.927
3/29/2019,58.5478
4/1/2019,52.6899
4/2/2019,54.2056
4/3/2019,53.8399
4/4/2019,51.6954
4/5/2019,49.2196
4/8/2019,47.8937
4/9/2019,48.8314
4/10/2019,48.6003
4/11/2019,46.9
4/12/2019,48.8439
4/15/2019,47.6389
4/16/2019,48.3127
4/17/2019,48.6528
4/18/2019,49.228
4/22/2019,48.7782
4/23/2019,49.7852
4/24/2019,50.5232
4/25/2019,49.7858
4/26/2019,49.4279
4/29/2019,48.0523
4/30/2019,49.4711
5/1/2019,46.7453
5/2/2019,46.7165
5/3/2019,45.7821
5/6/2019,47.8193
5/7/2019,52.3609
5/8/2019,51.3087
5/9/2019,54.7235
5/10/2019,53.4923
5/13/2019,57.8938
5/14/2019,55.3462
5/15/2019,57.4009
5/16/2019,56.9754
5/17/2019,56.9732
5/20/2019,56.5504
5/21/2019,55.3473
5/22/2019,54.9586
5/23/2019,61.0665
5/24/2019,60.5383
5/28/2019,61.7682
5/29/2019,63.1556
5/30/2019,61.7429
5/31/2019,72.681
6/3/2019,73.5574
6/4/2019,75.2595
6/5/2019,77.6396
6/6/2019,73.4193
6/7/2019,68.6928
6/10/2019,65.6237
6/11/2019,64.9288
6/12/2019,68.4258
6/13/2019,75.7382
6/14/2019,80.8203
6/17/2019,76.8751
6/18/2019,76.7365
6/19/2019,71.3661
6/20/2019,72.3657
6/21/2019,74.6269
6/24/2019,73.7603
6/25/2019,74.2246
6/26/2019,73.7344
6/27/2019,69.9154
6/28/2019,70.4339
7/1/2019,66.5296
7/2/2019,68.5997
7/3/2019,68.326
7/5/2019,65.2773
7/8/2019,63.2188
7/9/2019,62.9002
7/10/2019,62.3884
7/11/2019,62.9563
7/12/2019,62.7766
7/15/2019,61.8957
7/16/2019,61.2943
7/17/2019,62.2913
7/18/2019,63.1196
7/19/2019,63.8649
7/22/2019,60.974
7/23/2019,61.226
7/24/2019,60.7127
7/25/2019,60.9893
7/26/2019,58.9008
7/29/2019,58.5463
7/30/2019,57.843
7/31/2019,55.2468
8/1/2019,64.6756
8/2/2019,66.1145
8/5/2019,77.236
8/6/2019,73.9212
8/7/2019,79.0767
8/8/2019,78.552
8/9/2019,78.9672
8/12/2019,81.5755
8/13/2019,77.6971
8/14/2019,87.2194
8/15/2019,90.617
8/16/2019,89.5162
8/19/2019,86.4916
8/20/2019,86.8642
8/21/2019,84.5123
8/22/2019,83.1516
8/23/2019,91.8222
8/26/2019,87.9793
8/27/2019,88.6712
8/28/2019,89.8664
8/29/2019,86.9435
8/30/2019,86.8897
9/3/2019,85.2653
9/4/2019,81.6016
9/5/2019,79.9169
9/6/2019,78.821
9/9/2019,76.4382
9/10/2019,76.7837
9/11/2019,76.7033
9/12/2019,77.5711
9/13/2019,85.5301
9/16/2019,85.9485
9/17/2019,84.7607
9/18/2019,79.6633
9/19/2019,78.1445
9/20/2019,80.0726
9/23/2019,81.0116
9/24/2019,83.0673
9/25/2019,80.2171
9/26/2019,79.8713
9/27/2019,79.9722
9/30/2019,77.2005
10/1/2019,85.6073
10/2/2019,89.3853
10/3/2019,87.9438
10/4/2019,83.1527
10/7/2019,81.8598
10/8/2019,80.4689
10/9/2019,79.3105
10/10/2019,80.1374
10/11/2019,79.86
10/15/2019,80.06
10/16/2019,77.94
10/17/2019,77.61
10/18/2019,78.35
10/21/2019,80.25
10/22/2019,78.73
10/23/2019,73.03
10/24/2019,68.97
10/25/2019,67.07
10/28/2019,67.41
10/29/2019,67.61
10/30/2019,63.32
10/31/2019,65.88
11/1/2019,57.28
11/4/2019,60.18
11/5/2019,61.48
11/6/2019,61.73
11/7/2019,67.08
11/8/2019,64.44
11/12/2019,69.82
11/13/2019,66.1
11/14/2019,64.17
11/15/2019,61.7
11/18/2019,64.13
11/19/2019,62.64
11/20/2019,65.58
11/21/2019,61.83
11/22/2019,62.17
11/25/2019,61.55
11/26/2019,60.39
11/27/2019,57.62
11/29/2019,56.57
12/2/2019,59.42
12/3/2019,64.62
12/4/2019,63.01
12/5/2019,63.73
12/6/2019,64.07
12/9/2019,67.29
12/10/2019,67.09
12/11/2019,61.3
12/12/2019,61.63
12/13/2019,56.44
12/16/2019,56.13
12/17/2019,55.38
12/18/2019,53.41
12/19/2019,53.7
12/20/2019,54.19
12/23/2019,55.31
12/24/2019,58.32
12/26/2019,56.42
12/27/2019,55.3
12/30/2019,59.63
12/31/2019,58.28
1/2/2020,57.2
1/3/2020,60.12
1/6/2020,62.79
1/7/2020,62.63
1/8/2020,60.49
1/9/2020,57.66
1/10/2020,53.32
1/13/2020,53.27
1/14/2020,52.35
1/15/2020,50.54
1/16/2020,50.37
1/17/2020,49.67
1/21/2020,53.42
1/22/2020,51.31
1/23/2020,55.34
1/24/2020,59.94
1/27/2020,66.73
1/28/2020,65.6
1/29/2020,66.17
1/30/2020,71.07
1/31/2020,72.98
2/3/2020,72.81
2/4/2020,68.17
2/5/2020,64.07
2/6/2020,61.24
2/7/2020,65.59
2/10/2020,68.13
2/11/2020,64.89
2/12/2020,63.52
2/13/2020,63.51
2/14/2020,62.38
2/18/2020,67.66
2/19/2020,68.04
2/20/2020,69.6
2/21/2020,74.54
2/24/2020,86.92
2/25/2020,87.38
2/26/2020,87
2/27/2020,92.59
2/28/2020,109.67
3/2/2020,104.89
3/3/2020,102.97
3/4/2020,89.59
3/5/2020,96.96
3/6/2020,125.21
3/9/2020,163.7
3/10/2020,123.72
3/11/2020,127.84
3/12/2020,152.62
3/13/2020,138.4
3/16/2020,124.53
3/17/2020,109.85
3/18/2020,124.14
3/19/2020,141.13
3/20/2020,133.37
3/23/2020,135.38
3/24/2020,111.09
3/25/2020,87.14
3/26/2020,88.48
3/27/2020,88.33
3/30/2020,90.7
3/31/2020,83.87
4/1/2020,83.13
4/2/2020,71.99
4/3/2020,65.01
4/6/2020,66.28
4/7/2020,72.21
4/8/2020,75.71
4/9/2020,74.39
4/13/2020,75.85
4/14/2020,69.52
4/15/2020,70.5
4/16/2020,69.93
4/17/2020,69.84
4/20/2020,70.6
4/21/2020,73.83
4/22/2020,72.29
4/23/2020,67.25
4/24/2020,66.09
4/27/2020,62.7
4/28/2020,58.89
4/29/2020,57.15
4/30/2020,53.59
5/1/2020,48.11
5/4/2020,49.25
5/5/2020,49.65
5/6/2020,51.31
5/7/2020,54.93
5/8/2020,57.4
5/11/2020,61.6
5/12/2020,61.26
5/13/2020,57.56
5/14/2020,59.05
5/15/2020,56.53
5/18/2020,58.7
5/19/2020,60.09
5/20/2020,58.85
5/21/2020,55.62
5/22/2020,51.67
5/26/2020,52.22
5/27/2020,52.98
5/28/2020,50.57
5/29/2020,51.55
6/1/2020,55.07
6/2/2020,55.35
6/3/2020,61.24
6/4/2020,61.18
6/5/2020,61.97
6/8/2020,62.77
6/9/2020,62.94
6/10/2020,60.02
6/11/2020,56.47
6/12/2020,55.81
6/15/2020,58.09
6/16/2020,60.49
6/17/2020,58.16
6/18/2020,55.15
6/19/2020,53.4523
6/22/2020,53.9318
6/23/2020,54.04
6/24/2020,54.89
6/25/2020,51.57
6/26/2020,51.21
6/29/2020,52.96
6/30/2020,54.13
7/1/2020,53.28
7/2/2020,50.96
7/6/2020,52.03
7/7/2020,50.98
7/8/2020,49.8
7/9/2020,50.07
7/10/2020,49.19
7/13/2020,49.55
7/14/2020,50.81
7/15/2020,47.08
7/16/2020,46.43
7/17/2020,45.68
7/20/2020,46.82
7/21/2020,46.45
7/22/2020,45.32
7/23/2020,43.93
7/24/2020,42.48
7/27/2020,42.61
7/28/2020,41.27
7/29/2020,41.63
7/30/2020,40.66
7/31/2020,41.98
8/3/2020,43.13
8/4/2020,44.11
8/5/2020,41.75
8/6/2020,42.6
8/7/2020,41.46
8/10/2020,42.21
8/11/2020,45.26
8/12/2020,44.23
8/13/2020,45.08
8/14/2020,43.09
8/17/2020,45.81
8/18/2020,46.06
8/19/2020,44.6
8/20/2020,44.58
8/21/2020,45.14
8/24/2020,46.33
8/25/2020,47.89
8/26/2020,47.99
8/27/2020,49.29
8/28/2020,48.19
8/31/2020,47.02
9/1/2020,44.3
9/2/2020,44.86
9/3/2020,45.76
9/4/2020,47.04
9/8/2020,50.68
9/9/2020,48.82
9/10/2020,45.21
9/11/2020,43.12
9/14/2020,44.21
9/15/2020,43.06
9/16/2020,42.43
9/17/2020,38.45
9/18/2020,37.24
9/21/2020,38.63
9/22/2020,39.35
9/23/2020,38.63
9/24/2020,37.22
9/25/2020,36.97
9/28/2020,37.4
9/29/2020,36.62
9/30/2020,39.21
10/1/2020,38.65
10/2/2020,39.97
10/5/2020,39.81
10/6/2020,57.75
10/7/2020,56.98
10/8/2020,57.31
10/9/2020,57.52
10/13/2020,55.59
10/14/2020,53.5
10/15/2020,55.62
10/16/2020,57.25
10/19/2020,61.16
10/20/2020,60.42
10/21/2020,59.07
10/22/2020,59.73
10/23/2020,58.46
10/26/2020,58.95
10/27/2020,57.88
10/28/2020,57.13
10/29/2020,61.3
10/30/2020,61.91
11/2/2020,63.56
11/3/2020,64.37
11/4/2020,47.74
11/5/2020,43.76
11/6/2020,39.88
11/9/2020,44.94
11/10/2020,46.19
11/12/2020,44.17
11/13/2020,42.95
11/16/2020,42.49
11/17/2020,43.08
11/18/2020,43.62
11/19/2020,43.53
11/20/2020,42.31
11/23/2020,43.04
11/24/2020,42.38
11/25/2020,39.62
11/27/2020,39.64
11/30/2020,40.84
12/1/2020,41.53
12/2/2020,43.92
12/3/2020,42.53
12/4/2020,43.89
12/7/2020,49.67
12/8/2020,49.1
12/9/2020,48.48
12/10/2020,47.15
12/11/2020,47.52
12/14/2020,49.22
12/15/2020,48.14
12/16/2020,46.96
12/17/2020,44.15
12/18/2020,44.64
12/21/2020,46.66
12/22/2020,43.57
12/23/2020,42.74
12/24/2020,42.11
12/28/2020,45.26
12/29/2020,46.1
12/30/2020,47.19
12/31/2020,48.98
1/4/2021,49.59
1/5/2021,48.95
1/6/2021,44.64
1/7/2021,45.2
1/8/2021,44.81
1/11/2021,47.77
1/12/2021,50.12
1/13/2021,45.6
1/14/2021,46.23
1/15/2021,45.14
1/19/2021,45.23
1/20/2021,42.53
1/21/2021,43.01
1/22/2021,43.09
1/25/2021,43.08
1/26/2021,43.14
1/27/2021,44.16
1/28/2021,45.53
1/29/2021,47.41
2/1/2021,46.28
2/2/2021,45.91
2/3/2021,46.93
2/4/2021,47.25
2/5/2021,47.2
2/8/2021,48.45
2/9/2021,46.75
2/10/2021,46.27
2/11/2021,45.95
2/12/2021,47.01
2/16/2021,56.78
2/17/2021,55.97
2/18/2021,56.12
2/19/2021,60.43
2/22/2021,62.42
2/23/2021,61.73
2/24/2021,61.92
2/25/2021,74.16
2/26/2021,75.66
3/1/2021,68.73
3/2/2021,57.7
3/3/2021,65.83
3/4/2021,68.13
3/5/2021,69.37
3/8/2021,71.65
3/9/2021,67.44
3/10/2021,63.19
3/11/2021,63.9
3/12/2021,70.83
3/15/2021,70.79
3/16/2021,70.81
3/17/2021,66.75
3/18/2021,70.48
3/19/2021,68.8
3/22/2021,67.62
3/23/2021,60.77
3/24/2021,60.71
3/25/2021,59.54
3/26/2021,61.49
3/29/2021,65.96
3/30/2021,67.44
3/31/2021,71.27
4/1/2021,64.99
4/2/2021,63.71
4/5/2021,61.79
4/6/2021,60.29
4/7/2021,62.54
4/8/2021,60.08
4/9/2021,61.21
4/12/2021,63.5
4/13/2021,61.2
4/14/2021,60.08
4/15/2021,59.05
4/16/2021,62.57
4/19/2021,63.96
4/20/2021,64.35
4/21/2021,62.27
4/22/2021,59.62
4/23/2021,59.98
4/26/2021,60.98
4/27/2021,60.15
4/28/2021,60.31
4/29/2021,59.02
4/30/2021,58.13
5/3/2021,57.33
5/4/2021,58.51
5/5/2021,56.93
5/6/2021,57.75
5/7/2021,54.13
5/10/2021,55.48
5/11/2021,58.01
5/12/2021,58.47
5/13/2021,56.59
5/14/2021,54.99
5/17/2021,58.59
5/18/2021,57.18
5/19/2021,57.31
5/20/2021,55.04
5/21/2021,54.59
5/24/2021,54.94
5/25/2021,53.72
5/26/2021,52.82
5/27/2021,53.47
5/28/2021,52.04
6/1/2021,54.99
6/2/2021,55.21
6/3/2021,53.96
6/4/2021,49.78
6/7/2021,49.55
6/8/2021,49.93
6/9/2021,52.84
6/10/2021,48.26
6/11/2021,50.85
6/14/2021,54.03
6/15/2021,52.92
6/16/2021,54.28
6/17/2021,54.91
6/18/2021,60.45
6/21/2021,61.86
6/22/2021,58.64
6/23/2021,55.6
6/24/2021,54.83
6/25/2021,55.58
6/28/2021,56.33
6/29/2021,56.8
6/30/2021,57.27
7/1/2021,57.52
7/2/2021,52.41
7/6/2021,56.55
7/7/2021,60.65
7/8/2021,61.68
7/9/2021,59.92
7/12/2021,60.78
7/13/2021,60.8
7/14/2021,57.31
7/15/2021,56.98
7/16/2021,58.24
7/19/2021,67.58
7/20/2021,69.31
7/21/2021,65.28
7/22/2021,64.96
7/23/2021,65.28
7/26/2021,69.03
7/27/2021,70.07
7/28/2021,62.4
7/29/2021,62.08
7/30/2021,61.19
8/2/2021,64.29
8/3/2021,65.42
8/4/2021,62.67
8/5/2021,63.57
8/6/2021,62.64
8/9/2021,65.72
8/10/2021,66.55
8/11/2021,60.66
8/12/2021,57.39
8/13/2021,55.45
8/16/2021,59.4
8/17/2021,60.28
8/18/2021,58.05
8/19/2021,59.38
8/20/2021,59.95
8/23/2021,62.23
8/24/2021,63.03
8/25/2021,64.51
8/26/2021,63.41
8/27/2021,57.98
8/30/2021,60.14
8/31/2021,59.54
9/1/2021,58.09
9/2/2021,55.8
9/3/2021,53.26
9/7/2021,57.05
9/8/2021,57.02
9/9/2021,52.61
9/10/2021,51.73
9/13/2021,53.1
9/14/2021,51.73
9/15/2021,53.93
9/16/2021,53.7
9/17/2021,56.06
9/20/2021,59.58
9/21/2021,59.2
9/22/2021,55.92
9/23/2021,56.79
9/24/2021,58.46
9/27/2021,60.5
9/28/2021,62.71
9/29/2021,61.21
9/30/2021,61.07
10/1/2021,57.38
10/4/2021,60.61
10/5/2021,62.83
10/6/2021,60.65
10/7/2021,60.91
10/8/2021,59.65
10/12/2021,62.95
10/13/2021,60.84
10/14/2021,59.35
10/15/2021,62.7
10/18/2021,70.77
10/19/2021,68.25
10/20/2021,65.47
10/21/2021,69.42
10/22/2021,72.04
10/25/2021,68.96
10/26/2021,66.7
10/27/2021,70.06
10/28/2021,71.96
10/29/2021,75.45
11/1/2021,78.34
11/2/2021,71.04
11/3/2021,71.22
11/4/2021,64.61
11/5/2021,66.9
11/8/2021,70.97
11/9/2021,73.02
11/10/2021,78.31
11/12/2021,78.61
11/15/2021,81.59
11/16/2021,81.58
11/17/2021,81.58
11/18/2021,74.51
11/19/2021,73.39
11/22/2021,79.21
11/23/2021,80.57
11/24/2021,83.15
11/26/2021,89.45
11/29/2021,89.41
11/30/2021,84.04
12/1/2021,82.97
12/2/2021,82.55
12/3/2021,79.14
12/6/2021,87.89
12/7/2021,88.14
12/8/2021,80.29
12/9/2021,79.54
12/10/2021,74.36
12/13/2021,76.41
12/14/2021,78.98
12/15/2021,74.06
12/16/2021,69.1
12/17/2021,72.46
12/20/2021,77.02
12/21/2021,79.52
12/22/2021,76.85
12/23/2021,77.29
12/27/2021,80.12
12/28/2021,77.52
12/29/2021,78
12/30/2021,77.62
12/31/2021,77.1
1/3/2022,84.08
1/4/2022,83.11
1/5/2022,78.68
1/6/2022,77.73
1/7/2022,74.69
1/10/2022,78.12
1/11/2022,77.85
1/12/2022,74.55
1/13/2022,72.57
1/14/2022,76.59
1/18/2022,84.63
1/19/2022,80.14
1/20/2022,80.96
1/21/2022,81.03
1/24/2022,83.77
1/25/2022,84.57
1/26/2022,85.75
1/27/2022,85.62
1/28/2022,85.29
1/31/2022,85.14
2/1/2022,85.22
2/2/2022,84.85
2/3/2022,85.74
2/4/2022,87.68
2/7/2022,87.44
2/8/2022,82.72
2/9/2022,81.76
2/10/2022,88.52
2/11/2022,94.03
2/14/2022,102.28
2/15/2022,94
2/16/2022,92.74
2/17/2022,96.17
2/18/2022,94.36
2/22/2022,95.54
2/23/2022,95.15
2/24/2022,100.75
2/25/2022,93.34
2/28/2022,100.4
3/1/2022,118.26
3/2/2022,110.28
3/3/2022,115.18
3/4/2022,131.82
3/7/2022,140.03
3/8/2022,133.37
3/9/2022,110.9
3/10/2022,105.31
3/11/2022,99.03
3/14/2022,105.08
3/15/2022,101.03
3/16/2022,100.57
3/17/2022,91.76
3/18/2022,91.77
3/21/2022,101.94
3/22/2022,105.38
3/23/2022,105.72
3/24/2022,113.14
3/25/2022,125.27
3/28/2022,129.28
3/29/2022,117.92
3/30/2022,112.98
3/31/2022,106.88
4/1/2022,108.34
4/4/2022,108.37
4/5/2022,116.37
4/6/2022,123.92
4/7/2022,122.67
4/8/2022,124.86
4/11/2022,129.87
4/12/2022,117.79
4/13/2022,116.33
4/14/2022,119.66
4/18/2022,122.32
4/19/2022,122.74
4/20/2022,125.12
4/21/2022,130.69
4/22/2022,128.12
4/25/2022,131.63
4/26/2022,129.27
4/27/2022,130.11
4/28/2022,128.74
4/29/2022,128.4
5/2/2022,135.17
5/3/2022,126.46
5/4/2022,121.99
5/5/2022,122.72
5/6/2022,121.42
5/9/2022,125.22
5/10/2022,126.76
5/11/2022,118.05
5/12/2022,118.73
5/13/2022,114.61
5/16/2022,117.95
5/17/2022,119.46
5/18/2022,114.86
5/19/2022,115.05
5/20/2022,111.1
5/23/2022,110.19
5/24/2022,111.15
5/25/2022,105.69
5/26/2022,102.49
5/27/2022,98.48
5/31/2022,107.12
6/1/2022,109.38
6/2/2022,99.27
6/3/2022,97.73
6/6/2022,102.26
6/7/2022,102.61
6/8/2022,105.29
6/9/2022,105.29
6/10/2022,114.23
6/13/2022,139.21
6/14/2022,144.09
6/15/2022,135.93
6/16/2022,138.1
6/17/2022,133.75
6/21/2022,138.91
6/22/2022,129.94
6/23/2022,125.98
6/24/2022,127
6/27/2022,133.22
6/28/2022,135.22
6/29/2022,130.43
6/30/2022,135.5
7/1/2022,144.17
7/5/2022,156.16
7/6/2022,151.14
7/7/2022,149.71
7/8/2022,145.25
7/11/2022,147.72
7/12/2022,148.11
7/13/2022,136.1
7/14/2022,137.76
7/15/2022,129.85
7/18/2022,127.69
7/19/2022,124.7
7/20/2022,122.9
7/21/2022,121.15
7/22/2022,123.7
7/25/2022,128.27
7/26/2022,128.55
7/27/2022,117.28
7/28/2022,119.93
7/29/2022,116.36
8/1/2022,120.5
8/2/2022,129.23
8/3/2022,122.04
8/4/2022,120.57
8/5/2022,122.58
8/8/2022,124.12
8/9/2022,125.12
8/10/2022,115.26
8/11/2022,111.11
8/12/2022,106.28
8/15/2022,113.82
8/16/2022,116.83
8/17/2022,117.7
8/18/2022,120.26
8/19/2022,123.81
8/22/2022,135.89
8/23/2022,133.85
8/24/2022,133.13
8/25/2022,126.33
8/26/2022,122.95
8/29/2022,130.14
8/30/2022,127.69
8/31/2022,124.84
9/1/2022,126.58
9/2/2022,120.72
9/6/2022,133.54
9/7/2022,133.12
9/8/2022,124.14
9/9/2022,121.54
9/12/2022,123.07
9/13/2022,128.87
9/14/2022,125.35
9/15/2022,124.07
9/16/2022,124.95
9/19/2022,133.79
9/20/2022,134.66
9/21/2022,130.54
9/22/2022,131.93
9/23/2022,137.28
9/26/2022,153.61
9/27/2022,158.12
9/28/2022,158.99
9/29/2022,148.14
9/30/2022,141.89
10/3/2022,152.94
10/4/2022,151.21
10/5/2022,152.01
10/6/2022,153.29
10/7/2022,148.46
10/11/2022,155.57
10/12/2022,160.72
10/13/2022,155.08
10/14/2022,152.89
10/17/2022,150.42
10/18/2022,145.79
10/19/2022,147.73
10/20/2022,155.61
10/21/2022,156.95
10/24/2022,154.02
10/25/2022,147.78
10/26/2022,140.2
10/27/2022,142.78
10/28/2022,144.6
10/31/2022,147.92
11/1/2022,148.42
11/2/2022,141.17
11/3/2022,136.28
11/4/2022,128.44
11/7/2022,128.33
11/8/2022,126.33
11/9/2022,124.4
11/10/2022,111.69
11/14/2022,119.99
11/15/2022,128.62
11/16/2022,130.83
11/17/2022,132.18
11/18/2022,129.33
11/21/2022,132.13
11/22/2022,133.53
11/23/2022,136.2
11/25/2022,129.6
11/28/2022,131.73
11/29/2022,131.23
11/30/2022,127.27
12/1/2022,119.77
12/2/2022,118.62
12/5/2022,126.5
12/6/2022,129.09
12/7/2022,131.1
12/8/2022,129.54
12/9/2022,132.79
12/12/2022,141.93
12/13/2022,135.08
12/14/2022,120.26
12/15/2022,111.26
12/16/2022,113.65
12/19/2022,118.32
12/20/2022,119.92
12/21/2022,115
12/22/2022,112.05
12/23/2022,113.17
12/27/2022,124.89
12/28/2022,120.07
12/29/2022,120.25
12/30/2022,121.61
1/3/2023,129.97
1/4/2023,125.78
1/5/2023,119.53
1/6/2023,113.87
1/9/2023,116.67
1/10/2023,119.52
1/11/2023,115.17
1/12/2023,112.34
1/13/2023,113.55
1/17/2023,122.27
1/18/2023,112.61
1/19/2023,114.53
1/20/2023,114.76
1/23/2023,114.69
1/24/2023,112.76
1/25/2023,107.74
1/26/2023,104.28
1/27/2023,100.7
1/30/2023,103.77
1/31/2023,99.54
2/1/2023,97.33
2/2/2023,97.76
2/3/2023,98.99
2/6/2023,105.63
2/7/2023,103.15
2/8/2023,100.75
2/9/2023,102.45
2/10/2023,109.63
2/13/2023,110.67
2/14/2023,110.59
2/15/2023,108.64
2/16/2023,111.01
2/17/2023,110.11
2/21/2023,119.62
2/22/2023,118.21
2/23/2023,117.45
2/24/2023,122.84
2/27/2023,120.03
2/28/2023,123.6
3/1/2023,121.08
3/2/2023,124.12
3/3/2023,122.52
3/6/2023,128.19
3/7/2023,133.33
3/8/2023,129.76
3/9/2023,129.28
3/10/2023,140.06
3/13/2023,173.59
3/14/2023,169.65
3/15/2023,198.71
3/16/2023,167.96
3/17/2023,180.11
3/20/2023,182.64
3/21/2023,162.31
3/22/2023,142.84
3/23/2023,151.4
3/24/2023,173.66
3/27/2023,161.67
3/28/2023,155.96
3/29/2023,150.58
3/30/2023,141.24
3/31/2023,135.93
4/3/2023,138.17
4/4/2023,147.75
4/5/2023,153.9
4/6/2023,147.73
4/7/2023,139.2
4/10/2023,143
4/11/2023,139.78
4/12/2023,129.68
4/13/2023,119.95
4/14/2023,118.84
4/17/2023,122.69
4/18/2023,122.78
4/19/2023,124.02
4/20/2023,120.61
4/21/2023,120.84
4/24/2023,126.28
4/25/2023,137.13
4/26/2023,130.39
4/27/2023,122.43
4/28/2023,122.46
5/1/2023,128.18
5/2/2023,137.55
5/3/2023,134.5
5/4/2023,140.71
5/5/2023,130.21
5/8/2023,135.07
5/9/2023,133.93
5/10/2023,125.6
5/11/2023,128.21
5/12/2023,120.52
5/15/2023,127.89
5/16/2023,130.3
5/17/2023,120.78
5/18/2023,122.5
5/19/2023,127.51
5/22/2023,132.29
5/23/2023,131.7
5/24/2023,132.29
5/25/2023,139.54
5/26/2023,145.37
5/30/2023,141.36
5/31/2023,136.02
6/1/2023,124.63
6/2/2023,120.95
6/5/2023,119.08
6/6/2023,114.42
6/7/2023,120.5
6/8/2023,115.11
6/9/2023,115.77
6/12/2023,119.8
6/13/2023,118.8
6/14/2023,114.37
6/15/2023,107.34
6/16/2023,104.43
6/20/2023,114.19
6/21/2023,110.84
6/22/2023,107.7
6/23/2023,105.74
6/26/2023,109.02
6/27/2023,110.85
6/28/2023,108.3
6/29/2023,113.45
6/30/2023,110.64
7/3/2023,110.77
7/5/2023,110.53
7/6/2023,134.63
7/7/2023,130.41
7/10/2023,131.73
7/11/2023,127.07
7/12/2023,114.07
7/13/2023,111.75
7/14/2023,112.48
7/17/2023,113.5
7/18/2023,112.45
7/19/2023,107.19
7/20/2023,112.85
7/21/2023,106.66
7/24/2023,109.95
7/25/2023,113.02
7/26/2023,104.88
7/27/2023,111.15
7/28/2023,109.76
7/31/2023,112.03
8/1/2023,116.38
8/2/2023,115.15
8/3/2023,124.6
8/4/2023,115.91
8/7/2023,120.94
8/8/2023,118.74
8/9/2023,112.55
8/10/2023,108.64
8/11/2023,112.13
8/14/2023,119.94
8/15/2023,121.8
8/16/2023,117.24
8/17/2023,121.14
8/18/2023,120.51
8/21/2023,130.69
8/22/2023,126.65
8/23/2023,118.4
8/24/2023,117.56
8/25/2023,110.37
8/28/2023,110.45
8/29/2023,110.68
8/30/2023,109.84
8/31/2023,107.93
9/1/2023,102.92
9/5/2023,109.64
9/6/2023,111.31
9/7/2023,105.2
9/8/2023,104.34
9/11/2023,107.23
9/12/2023,105.11
9/13/2023,101.86
9/14/2023,97.11
9/15/2023,96.61
9/18/2023,99.32
9/19/2023,101.31
9/20/2023,97.04
9/21/2023,106
9/22/2023,101.11
9/25/2023,117.33
9/26/2023,117.72
9/27/2023,122.09
9/28/2023,115.24
9/29/2023,113.55
10/2/2023,127.59
10/3/2023,141.67
10/4/2023,128.23
10/5/2023,130.18
10/6/2023,126.64
10/10/2023,136.17
10/11/2023,127.18
10/12/2023,126.37
10/13/2023,128.33
10/16/2023,130.16
10/17/2023,130.17
10/18/2023,129.17
10/19/2023,134.62
10/20/2023,135.45
10/23/2023,131.83
10/24/2023,128.13
10/25/2023,131.21
10/26/2023,130.94
10/27/2023,129.16
10/30/2023,131.9
10/31/2023,126.86
11/1/2023,120.55
11/2/2023,118.64
11/3/2023,118.74
11/6/2023,121.74
11/7/2023,120.09
11/8/2023,117.1
11/9/2023,117.05
11/10/2023,116.79
11/13/2023,124.47
11/14/2023,124.11
11/15/2023,122.19
11/16/2023,116.08
11/17/2023,113.11
11/20/2023,115.09
11/21/2023,112.79
11/22/2023,111.57
11/24/2023,107.43
11/27/2023,109.31
11/28/2023,110.06
11/29/2023,114.59
11/30/2023,115.32
12/1/2023,111.51
12/4/2023,118.25
12/5/2023,127.2
12/6/2023,124.98
12/7/2023,129.74
12/8/2023,121.65
12/11/2023,126.66
12/12/2023,118.62
12/13/2023,113.77
12/14/2023,118.04
12/15/2023,115.75
12/18/2023,118.46
12/19/2023,115.03
12/20/2023,111.87
12/21/2023,111.93
12/22/2023,111.38
12/26/2023,116
12/27/2023,114.53
12/28/2023,113.78
12/29/2023,114.62
1/2/2024,127.02
1/3/2024,124.57
1/4/2024,121.12
1/5/2024,116.19
1/8/2024,117.72
1/9/2024,114.92
1/10/2024,109.63
1/11/2024,103.45
1/12/2024,106.51
1/16/2024,113.44
1/17/2024,105.86
1/18/2024,107.22
1/19/2024,104.97
1/22/2024,106.87
1/23/2024,107.7
1/24/2024,105.78
1/25/2024,105.89
1/26/2024,100.23
1/29/2024,106.34
1/30/2024,104.26
1/31/2024,107.28
2/1/2024,113.92
2/2/2024,106.72
2/5/2024,108.68
2/6/2024,110.6
2/7/2024,107.86
2/8/2024,108.6
2/9/2024,106.21
2/12/2024,109.78
2/13/2024,113.22
2/14/2024,111.97
2/15/2024,112.09
2/16/2024,109.2
2/20/2024,111.02
2/21/2024,114.27
2/22/2024,115.59
2/23/2024,108.31
2/26/2024,110.77
2/27/2024,110.8
2/28/2024,108.71
2/29/2024,109.1
3/1/2024,106.48
3/4/2024,109.57
3/5/2024,110.33
3/6/2024,105.33
3/7/2024,105.45
3/8/2024,100.88
3/11/2024,106.63
3/12/2024,101.36
3/13/2024,97.03
3/14/2024,98.67
3/15/2024,97.82
3/18/2024,102.87
3/19/2024,99.99
3/20/2024,92.72
3/21/2024,90.82
3/22/2024,91.04
3/25/2024,92.24
3/26/2024,90.63
3/27/2024,86.28
3/28/2024,86.38
4/1/2024,94.2
4/2/2024,96.57
4/3/2024,97.88
4/4/2024,96.13
4/5/2024,94.31
4/8/2024,99.37
4/9/2024,98.73
4/10/2024,109.59
4/11/2024,108.86
4/12/2024,112.82
4/15/2024,121.15
4/16/2024,119.59
4/17/2024,113.29
4/18/2024,108.66
4/19/2024,111.26
4/22/2024,108.56
4/23/2024,106.85
4/24/2024,110.21
4/25/2024,108.55
4/26/2024,104.4
4/29/2024,105.42
4/30/2024,107.46
5/1/2024,100.64
5/2/2024,100.7
5/3/2024,95.96
5/6/2024,94.5
5/7/2024,98.04
5/8/2024,95.58
5/9/2024,93.85
5/10/2024,94.23
5/13/2024,105.35
5/14/2024,106.55
5/15/2024,93.78
5/16/2024,91.83
5/17/2024,89.35
5/20/2024,88.13
5/21/2024,85.34
5/22/2024,82.49
5/23/2024,86.15
5/24/2024,83.57
5/28/2024,89.67
5/29/2024,93.45
5/30/2024,91.09
5/31/2024,91.14
6/3/2024,93.92
6/4/2024,100.11
6/5/2024,102.43
6/6/2024,100.99
6/7/2024,91.82
6/10/2024,94.16
6/11/2024,97.27
6/12/2024,91.73
6/13/2024,91.93
6/14/2024,100.16
6/17/2024,99.07
6/18/2024,97.99
6/20/2024,94.14
6/21/2024,94.09
6/24/2024,95.2
6/25/2024,96.97
6/26/2024,97.91
6/27/2024,95.69
6/28/2024,98.59
7/1/2024,106.23
7/2/2024,107.51
7/3/2024,102.83
7/5/2024,98.78
7/8/2024,97.96
7/9/2024,95.62
7/10/2024,92.97
7/11/2024,89.67
7/12/2024,86.79
7/15/2024,94.5
7/16/2024,93.87
7/17/2024,91
7/18/2024,91.97
7/19/2024,94.29
7/22/2024,94.45
7/23/2024,95.04
7/24/2024,94.81
7/25/2024,99.08
7/26/2024,97.76
7/29/2024,98.65
7/30/2024,100.42
7/31/2024,99.41
8/1/2024,101.82
8/2/2024,112.26
8/5/2024,121.22
8/6/2024,119.24
8/7/2024,112.69
8/8/2024,110.42
8/9/2024,108.26
8/12/2024,118.26
8/13/2024,118.44
8/14/2024,106.34
8/15/2024,103.74
8/16/2024,102.81
8/19/2024,110.13
8/20/2024,111.57
8/21/2024,111.38
8/22/2024,108.5
8/23/2024,105.63
8/26/2024,106.66
8/27/2024,109.22
8/28/2024,108.76
8/29/2024,106.7
8/30/2024,107.77
9/3/2024,114.2
9/4/2024,119.15
9/5/2024,114.81
9/6/2024,107.24
9/9/2024,104.61
9/10/2024,108.36
9/11/2024,103.79
9/12/2024,98.03
9/13/2024,100.6
9/16/2024,101.22
9/17/2024,101.58
9/18/2024,98.61
9/19/2024,92.64
9/20/2024,91
9/23/2024,93.87
9/24/2024,93.3
9/25/2024,91.64
9/26/2024,90.14
9/27/2024,92.53
9/30/2024,94.61
10/1/2024,104.14
10/2/2024,102.17
10/3/2024,101.16
10/4/2024,100.15
10/7/2024,124.23
10/8/2024,123.77
10/9/2024,122.39
10/10/2024,116.56
10/11/2024,118.47
10/15/2024,127.23
10/16/2024,121.86
10/17/2024,122.14
10/18/2024,123.13
10/21/2024,128.95
10/22/2024,129.26
10/23/2024,129.05
10/24/2024,127.48
10/25/2024,128.4
10/28/2024,130.92
10/29/2024,131.87
10/30/2024,130.8
10/31/2024,135.18
11/1/2024,132.58
11/4/2024,136.25
11/5/2024,130.43
11/6/2024,117.64
